good_id,shopname,title,nimtitle,price,Inventory,sales,appraise,number,moods,toups,adds,images
1,三只松鼠旗舰店,【三只松鼠_夏威夷果265gx2】休闲零食特产坚果炒货干果仁奶油味,酸爽多汁新鲜可口,9.9,26,月成交 34万笔,评价 165万,56,56,1,北京,/php/tmall/src/public/img/goodslist/goodlist20192141.jpg
2,旺旺食品旗舰店,旺旺旺上加旺大礼包大礼盒儿童膨化食品休闲零食小吃送礼年货,酸爽多汁新鲜可口,7.93,45,月成交 1.9万笔,评价 3.0万,57,57,1,天津,/php/tmall/src/public/img/goodslist/goodlist20192142.jpg
3,百草味旗舰店,【百草味-夏威夷果200gx3袋】坚果年货零食干果仁 奶油味送开口器,酸爽多汁新鲜可口,48.2,32,月成交 15万笔,评价 118万,58,58,1,河北,/php/tmall/src/public/img/goodslist/goodlist20192143.jpg
4,百草味旗舰店,百草味-零食大礼包 休闲食品坚果年货网红超大一整箱过年散装小吃,酸爽多汁新鲜可口,33.9,3,月成交 26万笔,评价 139万,59,59,1,辽宁,/php/tmall/src/public/img/goodslist/goodlist20192144.jpg
5,旺旺食品旗舰店,旺旺大礼包808g膨化小吃休闲食品儿童零食大礼包年货礼盒包邮*,酸爽多汁新鲜可口,66.9,53,月成交 2.0万笔,评价 1.2万,60,60,1,上海,/php/tmall/src/public/img/goodslist/goodlist20192145.jpg
6,诗秦食品专营店,Lindt瑞士莲进口软心牛奶巧克力球500g婚庆结婚喜糖年货零食散装,酸爽多汁新鲜可口,75.357,53,月成交 6020笔,评价 1.5万,61,61,1,江苏,/php/tmall/src/public/img/goodslist/goodlist20192146.jpg
7,百事集团官方旗舰店,【新】乐事薯片春季限定零食樱花牛乳制霸生梅元气白桃味65g/125g,酸爽多汁新鲜可口,89.354,24,月成交 9091笔,评价 3051,62,62,1,浙江,/php/tmall/src/public/img/goodslist/goodlist20192147.jpg
8,三只松鼠旗舰店,【三只松鼠_手剥巴旦木235gx2袋】零食坚果炒货特产扁桃仁,酸爽多汁新鲜可口,103.351,38.14285714,月成交 19万笔,评价 97万,63,63,1,福建,/php/tmall/src/public/img/goodslist/goodlist20192148.jpg
9,天猫超市,旺旺家庭装大礼盒1180g送礼 休闲 零食礼包  高颜值礼盒膨化礼盒,酸爽多汁新鲜可口,117.348,39.25,月成交 1.5万笔,评价 1.5万,64,64,1,山东,/php/tmall/src/public/img/goodslist/goodlist20192149.jpg
10,良品铺子旗舰店,【良品铺子夏威夷果180gx3盒装】奶油味坚果零食原味干果送开口器,酸爽多汁新鲜可口,131.345,40.35714286,月成交 3.5万笔,评价 45万,65,65,1,广东,/php/tmall/src/public/img/goodslist/goodlist201921410.jpg
11,熊孩子食品旗舰店,熊孩子综合蔬菜干香菇脆秋葵干脱水即食果蔬水果蔬菜脆混合装零食,酸爽多汁新鲜可口,145.342,41.46428571,月成交 1.2万笔,评价 16万,66,66,1,广西,/php/tmall/src/public/img/goodslist/goodlist201921411.jpg
12,天猫超市,乐事无限薯片三连罐104g*3罐休闲食品零食小吃礼包膨化,酸爽多汁新鲜可口,159.339,42.57142857,月成交 12万笔,评价 78万,67,67,1,海南,/php/tmall/src/public/img/goodslist/goodlist201921412.jpg
13,世恩食品专营店,上海冠生园压缩饼干旅游户外代餐零食品饱腹干粮118g*15包,酸爽多汁新鲜可口,173.336,43.67857143,月成交 1059笔,评价 1.0万,68,68,1,重庆,/php/tmall/src/public/img/goodslist/goodlist201921413.jpg
14,乡盛食品旗舰店,【10斤装】德州特产扒鸡乡盛五香扒鸡烧鸡10斤7只8只规格,酸爽多汁新鲜可口,187.333,44.78571429,月成交 2692笔,评价 6993,69,69,1,大连,/php/tmall/src/public/img/goodslist/goodlist201921414.jpg
15,妞妞食品专营店,正宗乐事薯片40g*10零食品大礼包休闲膨化整箱超大混合装批发小吃,酸爽多汁新鲜可口,201.33,45.89285714,月成交 1.4万笔,评价 18万,70,70,1,宁波,/php/tmall/src/public/img/goodslist/goodlist201921415.jpg
16,德芙官方旗舰店,德芙碗装多口味任选礼物巧克力送女友生日零食喜糖果年货节礼盒装,酸爽多汁新鲜可口,215.327,47,月成交 4.8万笔,评价 29万,71,71,1,厦门,/php/tmall/src/public/img/goodslist/goodlist201921416.jpg
17,无穷食品旗舰店,无穷食品旗舰店盐焗鸡蛋600g整箱办公室零食乡巴佬卤蛋休闲小吃,酸爽多汁新鲜可口,229.324,48.10714286,月成交 9795笔,评价 5.0万,72,72,1,青岛,/php/tmall/src/public/img/goodslist/goodlist201921417.jpg
18,老乡亲旗舰店,老乡亲压缩饼干军工户外代餐零食批发压缩干粮散装多口味即食,酸爽多汁新鲜可口,243.321,49.21428571,月成交 7274笔,评价 3.4万,73,73,1,深圳,/php/tmall/src/public/img/goodslist/goodlist201921418.jpg
19,牧丰食品专营店,旺旺雪饼仙贝零食大礼包520g大米饼膨化米果饼干年货置办批发包邮,酸爽多汁新鲜可口,257.318,50.32142857,月成交 9186笔,评价 1.9万,74,74,1,山西,/php/tmall/src/public/img/goodslist/goodlist201921419.jpg
20,义兴张食品旗舰店,【正宗道口烧鸡 官方旗舰店】河南特产义兴张鲜烧鸡熏鸡扒鸡800g,酸爽多汁新鲜可口,271.315,51.42857143,月成交 2137笔,评价 4230,75,75,1,内蒙古,/php/tmall/src/public/img/goodslist/goodlist201921420.jpg
21,燕周食品专营店,有友泡椒凤爪500g山椒味小包装散装泡爪椒香酸菜零食鸡爪又泡友有,酸爽多汁新鲜可口,285.312,52.53571429,月成交 2865笔,评价 8.2万,76,76,1,吉林,/php/tmall/src/public/img/goodslist/goodlist201921421.jpg
22,无穷食品旗舰店,无穷食品旗舰店盐焗鸡翅240g爱辣味翅中翅根肉类休闲零食小吃整箱,酸爽多汁新鲜可口,299.309,53.64285714,月成交 5733笔,评价 3.6万,77,77,1,黑龙江,/php/tmall/src/public/img/goodslist/goodlist201921422.jpg
23,廖记棒棒鸡旗舰店,廖记棒棒鸡+无骨鸡爪920g卤味网红抖音零食香辣鸡脚脱骨麻辣凤爪,酸爽多汁新鲜可口,313.306,54.75,月成交 3897笔,评价 8.5万,78,78,1,安徽,/php/tmall/src/public/img/goodslist/goodlist201921423.jpg
24,德芙官方旗舰店,德芙牛奶巧克力4.5g散装送女友婚庆婚礼喜糖果零食批发年货节礼盒,酸爽多汁新鲜可口,327.303,55.85714286,月成交 5341笔,评价 4.1万,79,79,1,江西,/php/tmall/src/public/img/goodslist/goodlist201921424.jpg
25,良品铺子旗舰店,良品铺子零食大礼包网红小吃年货坚果干果一箱吃的整箱小休闲食品,酸爽多汁新鲜可口,341.3,56.96428571,月成交 17万笔,评价 122万,80,80,1,河南,/php/tmall/src/public/img/goodslist/goodlist201921425.jpg
26,猫诚旗舰店,有友泡椒凤爪500g小包装椒香味酸菜泡凤爪散装鸡爪子休闲成人零食,酸爽多汁新鲜可口,355.297,58.07142857,月成交 5688笔,评价 6.2万,81,81,1,湖北,/php/tmall/src/public/img/goodslist/goodlist201921426.jpg
27,萌心食品专营店,旺旺仙贝雪饼520g*2袋糙米饼大米饼膨化儿童休闲零食送礼大礼包,酸爽多汁新鲜可口,369.294,59.17857143,月成交 5734笔,评价 4357,82,82,1,湖南,/php/tmall/src/public/img/goodslist/goodlist201921427.jpg
28,有友食品旗舰店,有友泡椒凤爪428gX2袋山椒味鸡爪卤味鸡肉休闲零食重庆特产小包装,酸爽多汁新鲜可口,383.291,60.28571429,月成交 6662笔,评价 9.2万,83,83,1,四川,/php/tmall/src/public/img/goodslist/goodlist201921428.jpg
29,刘老二旗舰店,正宗符离集烧鸡刘老二鲜烧鸡全鸡600克整只扒鸡卤味熟食鸡肉零食,酸爽多汁新鲜可口,397.288,61.39285714,月成交 1311笔,评价 1638,84,84,1,贵州,/php/tmall/src/public/img/goodslist/goodlist201921429.jpg
30,丽路食品专营店,百草味坚果大礼包零食组合混合装一整箱干果散装年货休闲小吃食品,酸爽多汁新鲜可口,411.285,62.5,月成交 6119笔,评价 2.5万,85,85,1,云南,/php/tmall/src/public/img/goodslist/goodlist201921430.jpg
31,DIO海外旗舰店,戒烟糖nicorette尼古丁口香糖零食无糖食品有效的清肺薄荷味戒烟,酸爽多汁新鲜可口,425.282,63.60714286,月成交 1148笔,评价 3354,86,86,1,西藏,/php/tmall/src/public/img/goodslist/goodlist201921431.jpg
32,子丰食品专营店,百草味零食大礼包女空投箱组合装年货超大一箱猪饲料休闲食品小吃,酸爽多汁新鲜可口,439.279,64.71428571,月成交 1.6万笔,评价 3.3万,87,87,1,陕西,/php/tmall/src/public/img/goodslist/goodlist201921432.jpg
33,唯叮食品专营店,lindt瑞士莲牛奶巧克力黑巧白巧软心球散装500g婚庆喜糖年货零食,酸爽多汁新鲜可口,453.276,65.82142857,月成交 7483笔,评价 5872,88,88,1,甘肃,/php/tmall/src/public/img/goodslist/goodlist201921433.jpg
34,诗秦食品专营店,【婚庆季】Lindt瑞士莲软心牛奶白巧克力1KG婚庆结婚喜糖年货零食,酸爽多汁新鲜可口,467.273,66.92857143,月成交 2577笔,评价 4675,89,89,1,青海,/php/tmall/src/public/img/goodslist/goodlist201921434.jpg
35,玛氏食品官方旗舰店,德芙巧克力碗装丝滑牛奶黑巧克力年货混合礼盒散装休闲零食送女友,酸爽多汁新鲜可口,481.27,68.03571429,月成交 3564笔,评价 4604,90,90,1,宁夏,/php/tmall/src/public/img/goodslist/goodlist201921435.jpg
36,老街口旗舰店,老街口薄壳奶油巴旦木500gx2袋 手剥扁桃仁干果零食炒货坚果特产,酸爽多汁新鲜可口,495.267,69.14285714,月成交 8363笔,评价 8536,91,91,1,新疆,/php/tmall/src/public/img/goodslist/goodlist201921436.jpg
37,吃嘛嘛食品专营店,创意德芙巧克力礼盒装生日情人节礼物送女友女生朋友浪漫表白零食,酸爽多汁新鲜可口,509.264,70.25,月成交 2789笔,评价 2982,92,92,1,北京,/php/tmall/src/public/img/goodslist/goodlist201921437.jpg
38,丽路食品专营店,百草味坚果大礼包组合干果混合装一整箱干货零食小吃散装年货礼盒,酸爽多汁新鲜可口,523.261,71.35714286,月成交 5841笔,评价 3.0万,93,93,0,天津,/php/tmall/src/public/img/goodslist/goodlist201921438.jpg
39,源氏食品专营店,有友凤爪泡椒500g散装小包装友有零食友友官方旗舰店整箱有又食品,酸爽多汁新鲜可口,537.258,72.46428571,月成交 3050笔,评价 2.1万,94,94,0,河北,/php/tmall/src/public/img/goodslist/goodlist201921439.jpg
40,老街口旗舰店,老街口薄壳奶油巴旦木500g 手剥扁桃仁零食炒货特产坚果杏仁批发,酸爽多汁新鲜可口,551.255,73.57142857,月成交 1.3万笔,评价 12万,95,95,0,辽宁,/php/tmall/src/public/img/goodslist/goodlist201921440.jpg
41,唐妖食品专营店,唐妖果蔬干秋葵即食蔬菜干脆片孕妇香菇脱水什锦儿童零食综混合装,酸爽多汁新鲜可口,565.252,74.67857143,月成交 1.7万笔,评价 2.4万,96,96,0,上海,/php/tmall/src/public/img/goodslist/goodlist201921441.jpg
42,百事集团官方旗舰店,乐事薯片小吃芥末味批发整箱包邮混合散装40g*12年货零食大礼包,酸爽多汁新鲜可口,579.249,75.78571429,月成交 2120笔,评价 5.8万,97,97,0,江苏,/php/tmall/src/public/img/goodslist/goodlist201921442.jpg
43,好时巧克力旗舰店,好时之吻KISSES巧克力500g*2袋夹心牛奶黑巧零食结婚喜糖散装批发,酸爽多汁新鲜可口,593.246,76.89285714,月成交 1.7万笔,评价 5.4万,98,98,0,浙江,/php/tmall/src/public/img/goodslist/goodlist201921443.jpg
44,嘉顿食品旗舰店,嘉顿喜饼 家庭什锦饼干1380g 休闲零食下午茶小吃礼包福利团购,酸爽多汁新鲜可口,607.243,78,月成交 1761笔,评价 2341,99,99,0,福建,/php/tmall/src/public/img/goodslist/goodlist201921444.jpg
45,德州扒鸡旗舰店,【德州扒鸡旗舰店】德州扒鸡正宗烧鸡年货零食熟食锁鲜柴鸡500g*2,酸爽多汁新鲜可口,621.24,79.10714286,月成交 2303笔,评价 6086,100,100,0,山东,/php/tmall/src/public/img/goodslist/goodlist201921445.jpg
46,熊孩子食品旗舰店,熊孩子综合蔬果干235g水果干果蔬干水果蔬菜果蔬小零食脆干混合装,酸爽多汁新鲜可口,635.237,80.21428571,月成交 8319笔,评价 3.2万,101,101,0,广东,/php/tmall/src/public/img/goodslist/goodlist201921446.jpg
47,义兴张食品旗舰店,【正宗道口烧鸡 官方旗舰店】河南特产义兴张烧鸡熏鸡扒鸡800g,酸爽多汁新鲜可口,649.234,81.32142857,月成交 1696笔,评价 6863,102,102,0,广西,/php/tmall/src/public/img/goodslist/goodlist201921447.jpg
48,唐妖食品专营店,唐妖秋葵干即食脱水蔬菜脆秋葵脆孕妇小零食综合水果蔬干混合袋装,酸爽多汁新鲜可口,663.231,82.42857143,月成交 5754笔,评价 8.2万,103,103,0,海南,/php/tmall/src/public/img/goodslist/goodlist201921448.jpg
49,廖记棒棒鸡旗舰店,廖记棒棒鸡香辣掌中宝川味零食 鸡脆骨包邮130g 成都麻辣小吃零食,酸爽多汁新鲜可口,677.228,83.53571429,月成交 2731笔,评价 3.5万,104,104,0,重庆,/php/tmall/src/public/img/goodslist/goodlist201921449.jpg
50,休闲农场旗舰店,休闲农场压缩饼干军工小包装多口味户外代餐饱腹干粮散装零食整箱,酸爽多汁新鲜可口,691.225,84.64285714,月成交 5659笔,评价 2.4万,105,105,0,大连,/php/tmall/src/public/img/goodslist/goodlist201921450.jpg
51,delinu迪乐能旗舰店,迪乐能水果干冻干蔬菜干蔬果干果蔬干脱水混合装综合零食果蔬脆片,酸爽多汁新鲜可口,705.222,85.75,月成交 1481笔,评价 1.8万,106,106,0,宁波,/php/tmall/src/public/img/goodslist/goodlist201921451.jpg
52,德州扒鸡旗舰店,【德州扒鸡旗舰店】德州扒鸡肉礼盒烧鸡鸡礼盒年货扒鸡礼盒600g*2,酸爽多汁新鲜可口,719.219,86.85714286,月成交 2567笔,评价 2606,107,107,0,厦门,/php/tmall/src/public/img/goodslist/goodlist201921452.jpg
53,可味食品旗舰店,【可味 巴旦木2罐总重500g】坚果干果扁桃仁杏仁连罐重手剥零食,酸爽多汁新鲜可口,733.216,87.96428571,月成交 3.1万笔,评价 2.8万,108,108,0,青岛,/php/tmall/src/public/img/goodslist/goodlist201921453.jpg
54,青恬食品专营店,德芙巧克力礼盒装创意网红小零食糖果送女友女朋友生日情人节礼物,酸爽多汁新鲜可口,747.213,89.07142857,月成交 939笔,评价 1447,109,109,0,深圳,/php/tmall/src/public/img/goodslist/goodlist201921454.jpg
55,平东食品专营店,乐事薯片乐事无限罐装104g*10罐多种口味组合装休闲食品膨化零食,酸爽多汁新鲜可口,761.21,90.17857143,月成交 638笔,评价 40,110,110,1,山西,/php/tmall/src/public/img/goodslist/goodlist201921455.jpg
56,三只松鼠旗舰店,【三只松鼠_夏威夷果265gx2】休闲零食特产坚果炒货干果仁奶油味,酸爽多汁新鲜可口,775.207,91.28571429,月成交 34万笔,评价 165万,111,111,1,内蒙古,/php/tmall/src/public/img/goodslist/goodlist201921456.jpg
57,旺旺食品旗舰店,旺旺旺上加旺大礼包大礼盒儿童膨化食品休闲零食小吃送礼年货,酸爽多汁新鲜可口,789.204,92.39285714,月成交 1.9万笔,评价 3.0万,112,112,1,吉林,/php/tmall/src/public/img/goodslist/goodlist201921457.jpg
58,百草味旗舰店,【百草味-夏威夷果200gx3袋】坚果年货零食干果仁 奶油味送开口器,酸爽多汁新鲜可口,803.201,93.5,月成交 15万笔,评价 118万,113,113,1,黑龙江,/php/tmall/src/public/img/goodslist/goodlist201921458.jpg
59,百草味旗舰店,百草味-零食大礼包 休闲食品坚果年货网红超大一整箱过年散装小吃,酸爽多汁新鲜可口,817.198,94.60714286,月成交 26万笔,评价 139万,114,114,1,安徽,/php/tmall/src/public/img/goodslist/goodlist201921459.jpg
60,旺旺食品旗舰店,旺旺大礼包808g膨化小吃休闲食品儿童零食大礼包年货礼盒包邮*,酸爽多汁新鲜可口,831.195,95.71428571,月成交 2.0万笔,评价 1.2万,115,115,1,江西,/php/tmall/src/public/img/goodslist/goodlist201921460.jpg
61,诗秦食品专营店,Lindt瑞士莲进口软心牛奶巧克力球500g婚庆结婚喜糖年货零食散装,酸爽多汁新鲜可口,845.192,96.82142857,月成交 6020笔,评价 1.5万,116,116,1,河南,/php/tmall/src/public/img/goodslist/goodlist201921461.jpg
62,百事集团官方旗舰店,【新】乐事薯片春季限定零食樱花牛乳制霸生梅元气白桃味65g/125g,酸爽多汁新鲜可口,859.189,97.92857143,月成交 9091笔,评价 3051,117,117,1,湖北,/php/tmall/src/public/img/goodslist/goodlist201921462.jpg
63,三只松鼠旗舰店,【三只松鼠_手剥巴旦木235gx2袋】零食坚果炒货特产扁桃仁,酸爽多汁新鲜可口,873.186,99.03571429,月成交 19万笔,评价 97万,118,118,1,湖南,/php/tmall/src/public/img/goodslist/goodlist201921463.jpg
64,天猫超市,旺旺家庭装大礼盒1180g送礼 休闲 零食礼包  高颜值礼盒膨化礼盒,酸爽多汁新鲜可口,887.183,100.1428571,月成交 1.5万笔,评价 1.5万,119,119,1,四川,/php/tmall/src/public/img/goodslist/goodlist201921464.jpg
65,良品铺子旗舰店,【良品铺子夏威夷果180gx3盒装】奶油味坚果零食原味干果送开口器,酸爽多汁新鲜可口,901.18,101.25,月成交 3.5万笔,评价 45万,120,120,1,贵州,/php/tmall/src/public/img/goodslist/goodlist201921465.jpg
66,熊孩子食品旗舰店,熊孩子综合蔬菜干香菇脆秋葵干脱水即食果蔬水果蔬菜脆混合装零食,酸爽多汁新鲜可口,915.177,102.3571429,月成交 1.2万笔,评价 16万,121,121,1,云南,/php/tmall/src/public/img/goodslist/goodlist201921466.jpg
67,天猫超市,乐事无限薯片三连罐104g*3罐休闲食品零食小吃礼包膨化,酸爽多汁新鲜可口,929.174,103.4642857,月成交 12万笔,评价 78万,122,122,1,西藏,/php/tmall/src/public/img/goodslist/goodlist201921467.jpg
68,世恩食品专营店,上海冠生园压缩饼干旅游户外代餐零食品饱腹干粮118g*15包,酸爽多汁新鲜可口,943.171,104.5714286,月成交 1059笔,评价 1.0万,123,123,1,陕西,/php/tmall/src/public/img/goodslist/goodlist201921468.jpg
69,乡盛食品旗舰店,【10斤装】德州特产扒鸡乡盛五香扒鸡烧鸡10斤7只8只规格,酸爽多汁新鲜可口,957.168,105.6785714,月成交 2692笔,评价 6993,124,124,1,甘肃,/php/tmall/src/public/img/goodslist/goodlist201921469.jpg
70,妞妞食品专营店,正宗乐事薯片40g*10零食品大礼包休闲膨化整箱超大混合装批发小吃,酸爽多汁新鲜可口,971.165,106.7857143,月成交 1.4万笔,评价 18万,125,125,1,青海,/php/tmall/src/public/img/goodslist/goodlist201921470.jpg
71,德芙官方旗舰店,德芙碗装多口味任选礼物巧克力送女友生日零食喜糖果年货节礼盒装,酸爽多汁新鲜可口,985.162,107.8928571,月成交 4.8万笔,评价 29万,126,126,1,宁夏,/php/tmall/src/public/img/goodslist/goodlist201921471.jpg
72,无穷食品旗舰店,无穷食品旗舰店盐焗鸡蛋600g整箱办公室零食乡巴佬卤蛋休闲小吃,酸爽多汁新鲜可口,999.159,109,月成交 9795笔,评价 5.0万,127,127,1,新疆,/php/tmall/src/public/img/goodslist/goodlist201921472.jpg
73,老乡亲旗舰店,老乡亲压缩饼干军工户外代餐零食批发压缩干粮散装多口味即食,酸爽多汁新鲜可口,1013.156,110.1071429,月成交 7274笔,评价 3.4万,128,128,1,北京,/php/tmall/src/public/img/goodslist/goodlist201921473.jpg
74,牧丰食品专营店,旺旺雪饼仙贝零食大礼包520g大米饼膨化米果饼干年货置办批发包邮,酸爽多汁新鲜可口,1027.153,111.2142857,月成交 9186笔,评价 1.9万,129,129,1,天津,/php/tmall/src/public/img/goodslist/goodlist201921474.jpg
75,义兴张食品旗舰店,【正宗道口烧鸡 官方旗舰店】河南特产义兴张鲜烧鸡熏鸡扒鸡800g,酸爽多汁新鲜可口,1041.15,112.3214286,月成交 2137笔,评价 4230,130,130,1,河北,/php/tmall/src/public/img/goodslist/goodlist201921475.jpg
76,燕周食品专营店,有友泡椒凤爪500g山椒味小包装散装泡爪椒香酸菜零食鸡爪又泡友有,酸爽多汁新鲜可口,1055.147,113.4285714,月成交 2865笔,评价 8.2万,131,131,1,辽宁,/php/tmall/src/public/img/goodslist/goodlist201921476.jpg
77,无穷食品旗舰店,无穷食品旗舰店盐焗鸡翅240g爱辣味翅中翅根肉类休闲零食小吃整箱,酸爽多汁新鲜可口,1069.144,114.5357143,月成交 5733笔,评价 3.6万,132,132,1,上海,/php/tmall/src/public/img/goodslist/goodlist201921477.jpg
78,廖记棒棒鸡旗舰店,廖记棒棒鸡+无骨鸡爪920g卤味网红抖音零食香辣鸡脚脱骨麻辣凤爪,酸爽多汁新鲜可口,1083.141,115.6428571,月成交 3897笔,评价 8.5万,133,133,1,江苏,/php/tmall/src/public/img/goodslist/goodlist201921478.jpg
79,德芙官方旗舰店,德芙牛奶巧克力4.5g散装送女友婚庆婚礼喜糖果零食批发年货节礼盒,酸爽多汁新鲜可口,1097.138,116.75,月成交 5341笔,评价 4.1万,134,134,0,浙江,/php/tmall/src/public/img/goodslist/goodlist201921479.jpg
80,良品铺子旗舰店,良品铺子零食大礼包网红小吃年货坚果干果一箱吃的整箱小休闲食品,酸爽多汁新鲜可口,1111.135,117.8571429,月成交 17万笔,评价 122万,135,135,0,福建,/php/tmall/src/public/img/goodslist/goodlist201921480.jpg
81,猫诚旗舰店,有友泡椒凤爪500g小包装椒香味酸菜泡凤爪散装鸡爪子休闲成人零食,酸爽多汁新鲜可口,1125.132,118.9642857,月成交 5688笔,评价 6.2万,136,136,0,山东,/php/tmall/src/public/img/goodslist/goodlist201921481.jpg
82,萌心食品专营店,旺旺仙贝雪饼520g*2袋糙米饼大米饼膨化儿童休闲零食送礼大礼包,酸爽多汁新鲜可口,1139.129,120.0714286,月成交 5734笔,评价 4357,137,137,0,广东,/php/tmall/src/public/img/goodslist/goodlist201921482.jpg
83,有友食品旗舰店,有友泡椒凤爪428gX2袋山椒味鸡爪卤味鸡肉休闲零食重庆特产小包装,酸爽多汁新鲜可口,1153.126,121.1785714,月成交 6662笔,评价 9.2万,138,138,0,广西,/php/tmall/src/public/img/goodslist/goodlist201921483.jpg
84,刘老二旗舰店,正宗符离集烧鸡刘老二鲜烧鸡全鸡600克整只扒鸡卤味熟食鸡肉零食,酸爽多汁新鲜可口,1167.123,122.2857143,月成交 1311笔,评价 1638,139,139,0,海南,/php/tmall/src/public/img/goodslist/goodlist201921484.jpg
85,丽路食品专营店,百草味坚果大礼包零食组合混合装一整箱干果散装年货休闲小吃食品,酸爽多汁新鲜可口,1181.12,123.3928571,月成交 6119笔,评价 2.5万,140,140,0,重庆,/php/tmall/src/public/img/goodslist/goodlist201921485.jpg
86,DIO海外旗舰店,戒烟糖nicorette尼古丁口香糖零食无糖食品有效的清肺薄荷味戒烟,酸爽多汁新鲜可口,1195.117,124.5,月成交 1148笔,评价 3354,141,141,0,大连,/php/tmall/src/public/img/goodslist/goodlist201921486.jpg
87,子丰食品专营店,百草味零食大礼包女空投箱组合装年货超大一箱猪饲料休闲食品小吃,酸爽多汁新鲜可口,1209.114,125.6071429,月成交 1.6万笔,评价 3.3万,142,142,0,宁波,/php/tmall/src/public/img/goodslist/goodlist201921487.jpg
88,唯叮食品专营店,lindt瑞士莲牛奶巧克力黑巧白巧软心球散装500g婚庆喜糖年货零食,酸爽多汁新鲜可口,1223.111,126.7142857,月成交 7483笔,评价 5872,143,143,0,厦门,/php/tmall/src/public/img/goodslist/goodlist201921488.jpg
89,诗秦食品专营店,【婚庆季】Lindt瑞士莲软心牛奶白巧克力1KG婚庆结婚喜糖年货零食,酸爽多汁新鲜可口,1237.108,127.8214286,月成交 2577笔,评价 4675,144,144,0,青岛,/php/tmall/src/public/img/goodslist/goodlist201921489.jpg
90,玛氏食品官方旗舰店,德芙巧克力碗装丝滑牛奶黑巧克力年货混合礼盒散装休闲零食送女友,酸爽多汁新鲜可口,1251.105,128.9285714,月成交 3564笔,评价 4604,145,145,0,深圳,/php/tmall/src/public/img/goodslist/goodlist201921490.jpg
91,老街口旗舰店,老街口薄壳奶油巴旦木500gx2袋 手剥扁桃仁干果零食炒货坚果特产,酸爽多汁新鲜可口,1265.102,130.0357143,月成交 8363笔,评价 8536,146,146,0,山西,/php/tmall/src/public/img/goodslist/goodlist201921491.jpg
92,吃嘛嘛食品专营店,创意德芙巧克力礼盒装生日情人节礼物送女友女生朋友浪漫表白零食,酸爽多汁新鲜可口,1279.099,131.1428571,月成交 2789笔,评价 2982,147,147,0,内蒙古,/php/tmall/src/public/img/goodslist/goodlist201921492.jpg
93,丽路食品专营店,百草味坚果大礼包组合干果混合装一整箱干货零食小吃散装年货礼盒,酸爽多汁新鲜可口,1293.096,132.25,月成交 5841笔,评价 3.0万,148,148,0,吉林,/php/tmall/src/public/img/goodslist/goodlist201921493.jpg
94,源氏食品专营店,有友凤爪泡椒500g散装小包装友有零食友友官方旗舰店整箱有又食品,酸爽多汁新鲜可口,1307.093,133.3571429,月成交 3050笔,评价 2.1万,149,149,0,黑龙江,/php/tmall/src/public/img/goodslist/goodlist201921494.jpg
95,老街口旗舰店,老街口薄壳奶油巴旦木500g 手剥扁桃仁零食炒货特产坚果杏仁批发,酸爽多汁新鲜可口,1321.09,134.4642857,月成交 1.3万笔,评价 12万,150,150,0,安徽,/php/tmall/src/public/img/goodslist/goodlist201921495.jpg
96,唐妖食品专营店,唐妖果蔬干秋葵即食蔬菜干脆片孕妇香菇脱水什锦儿童零食综混合装,酸爽多汁新鲜可口,1335.087,135.5714286,月成交 1.7万笔,评价 2.4万,151,151,0,江西,/php/tmall/src/public/img/goodslist/goodlist201921496.jpg
97,百事集团官方旗舰店,乐事薯片小吃芥末味批发整箱包邮混合散装40g*12年货零食大礼包,酸爽多汁新鲜可口,1349.084,136.6785714,月成交 2120笔,评价 5.8万,152,152,0,河南,/php/tmall/src/public/img/goodslist/goodlist201921497.jpg
98,好时巧克力旗舰店,好时之吻KISSES巧克力500g*2袋夹心牛奶黑巧零食结婚喜糖散装批发,酸爽多汁新鲜可口,1363.081,137.7857143,月成交 1.7万笔,评价 5.4万,153,153,0,湖北,/php/tmall/src/public/img/goodslist/goodlist201921498.jpg
99,嘉顿食品旗舰店,嘉顿喜饼 家庭什锦饼干1380g 休闲零食下午茶小吃礼包福利团购,酸爽多汁新鲜可口,1377.078,138.8928571,月成交 1761笔,评价 2341,154,154,0,湖南,/php/tmall/src/public/img/goodslist/goodlist201921499.jpg
100,德州扒鸡旗舰店,【德州扒鸡旗舰店】德州扒鸡正宗烧鸡年货零食熟食锁鲜柴鸡500g*2,酸爽多汁新鲜可口,1378.078,139.8928571,月成交 2303笔,评价 6086,155,155,0,四川,/php/tmall/src/public/img/goodslist/goodlist2019214100.jpg
101,熊孩子食品旗舰店,熊孩子综合蔬果干235g水果干果蔬干水果蔬菜果蔬小零食脆干混合装,酸爽多汁新鲜可口,1379.078,140.8928571,月成交 8319笔,评价 3.2万,156,156,0,贵州,/php/tmall/src/public/img/goodslist/goodlist2019214-1.jpg
102,义兴张食品旗舰店,【正宗道口烧鸡 官方旗舰店】河南特产义兴张烧鸡熏鸡扒鸡800g,酸爽多汁新鲜可口,1380.078,141.8928571,月成交 1696笔,评价 6863,157,157,0,云南,/php/tmall/src/public/img/goodslist/goodlist2019214-2.jpg
103,唐妖食品专营店,唐妖秋葵干即食脱水蔬菜脆秋葵脆孕妇小零食综合水果蔬干混合袋装,酸爽多汁新鲜可口,1381.078,142.8928571,月成交 5754笔,评价 8.2万,158,158,0,西藏,/php/tmall/src/public/img/goodslist/goodlist2019214-3.jpg
104,廖记棒棒鸡旗舰店,廖记棒棒鸡香辣掌中宝川味零食 鸡脆骨包邮130g 成都麻辣小吃零食,酸爽多汁新鲜可口,1382.078,143.8928571,月成交 2731笔,评价 3.5万,159,159,0,陕西,/php/tmall/src/public/img/goodslist/goodlist2019214-4.jpg
105,休闲农场旗舰店,休闲农场压缩饼干军工小包装多口味户外代餐饱腹干粮散装零食整箱,酸爽多汁新鲜可口,1383.078,144.8928571,月成交 5659笔,评价 2.4万,160,160,0,甘肃,/php/tmall/src/public/img/goodslist/goodlist2019214-5.jpg
106,delinu迪乐能旗舰店,迪乐能水果干冻干蔬菜干蔬果干果蔬干脱水混合装综合零食果蔬脆片,酸爽多汁新鲜可口,1384.078,145.8928571,月成交 1481笔,评价 1.8万,161,161,0,青海,/php/tmall/src/public/img/goodslist/goodlist2019214-6.jpg
107,德州扒鸡旗舰店,【德州扒鸡旗舰店】德州扒鸡肉礼盒烧鸡鸡礼盒年货扒鸡礼盒600g*2,酸爽多汁新鲜可口,1385.078,146.8928571,月成交 2567笔,评价 2606,162,162,0,宁夏,/php/tmall/src/public/img/goodslist/goodlist2019214-7.jpg
108,可味食品旗舰店,【可味 巴旦木2罐总重500g】坚果干果扁桃仁杏仁连罐重手剥零食,酸爽多汁新鲜可口,1386.078,147.8928571,月成交 3.1万笔,评价 2.8万,163,163,0,新疆,/php/tmall/src/public/img/goodslist/goodlist2019214-8.jpg
109,青恬食品专营店,德芙巧克力礼盒装创意网红小零食糖果送女友女朋友生日情人节礼物,酸爽多汁新鲜可口,1387.078,148.8928571,月成交 939笔,评价 1447,164,164,0,北京,/php/tmall/src/public/img/goodslist/goodlist2019214-9.jpg
110,平东食品专营店,乐事薯片乐事无限罐装104g*10罐多种口味组合装休闲食品膨化零食,酸爽多汁新鲜可口,1388.078,149.8928571,月成交 638笔,评价 40,165,165,0,天津,/php/tmall/src/public/img/goodslist/goodlist2019214-10.jpg
111,甘福园旗舰店,新疆阿克苏冰糖心苹果10斤大果 新鲜当季水果红富士批发顺丰包邮,酸爽多汁新鲜可口,119,150.8928571,月成交 6.0万笔,评价 14万,166,166,0,河北,/php/tmall/src/public/img/goodslist/goodlist2019214-11.jpg
112,甘福园旗舰店,甘福园 越南芒果10斤新鲜当季水果甜心玉芒大青芒凯特忙批发包邮,酸爽多汁新鲜可口,43.8,151.8928571,月成交 2.7万笔,评价 54万,167,167,0,辽宁,/php/tmall/src/public/img/goodslist/goodlist2019214-12.jpg
113,甘福园旗舰店,【买一送一】越南红心火龙果 新鲜当季水果红肉整箱约5斤批发包邮,酸爽多汁新鲜可口,228,152.8928571,月成交 2.6万笔,评价 9.3万,168,168,0,上海,/php/tmall/src/public/img/goodslist/goodlist2019214-13.jpg
114,王小二旗舰店,【买一送一】越南芒果新鲜包邮10斤整箱青芒当季玉芒甜心芒忙果大,酸爽多汁新鲜可口,269,153.8928571,月成交 7.0万笔,评价 12万,169,169,0,江苏_min_,/php/tmall/src/public/img/goodslist/goodlist2019214-14.jpg
115,甘福园旗舰店,福建琯溪平和红心柚子新鲜当季水果现摘红肉蜜柚10斤整箱批发包邮,酸爽多汁新鲜可口,￥39.90,154.8928571,月成交 2.1万笔,评价 44万,170,170,0,浙江,/php/tmall/src/public/img/goodslist/goodlist2019214-15.jpg
116,王小二旗舰店,【买一送一】红富士苹果水果10斤新鲜包邮当季丑苹果整箱吃的平果,酸爽多汁新鲜可口,138,155.8928571,月成交 6.5万笔,评价 23万,171,171,0,福建,/php/tmall/src/public/img/goodslist/goodlist2019214-16.jpg
117,照旺庄旗舰店,新鲜脆甜烟台红富士栖霞苹果整一箱批发10斤包邮山东礼盒水果苹果,酸爽多汁新鲜可口,149,156.8928571,月成交 9743笔,评价 2.5万,172,172,0,山东,/php/tmall/src/public/img/goodslist/goodlist2019214-17.jpg
118,甘福园旗舰店,【现摘现发】甘肃天水花牛苹果 新鲜水果红蛇果10斤礼县批发包邮,酸爽多汁新鲜可口,55.8,157.8928571,月成交 1.5万笔,评价 8.7万,173,173,0,广东,/php/tmall/src/public/img/goodslist/goodlist2019214-18.jpg
119,小心柑儿旗舰店,现货红心火龙果5斤当季新鲜金都红肉火龙果整箱约5斤水果批发包邮,酸爽多汁新鲜可口,118,158.8928571,月成交 2.4万笔,评价 15万,174,174,0,广西,/php/tmall/src/public/img/goodslist/goodlist2019214-19.jpg
120,别样红旗舰店,【10斤装】海南发货芒果新鲜水果青皮澳芒三亚大青芒金煌大凯特,酸爽多汁新鲜可口,78,159.8928571,月成交 2147笔,评价 1.0万,175,175,0,海南,/php/tmall/src/public/img/goodslist/goodlist2019214-20.jpg
121,甘福园旗舰店,新疆阿克苏冰糖心苹果10斤小果 新鲜当季水果红富士应季批发包邮,酸爽多汁新鲜可口,68,160.8928571,月成交 7523笔,评价 1.4万,176,176,0,重庆,/php/tmall/src/public/img/goodslist/goodlist2019214-21.jpg
122,照旺庄旗舰店,新鲜苹果水果正宗烟台栖霞红富士批发包邮礼盒一整箱10斤山东萍果,酸爽多汁新鲜可口,12,161.8928571,月成交 8816笔,评价 5457,177,177,0,大连,/php/tmall/src/public/img/goodslist/goodlist2019214-22.jpg
123,王小二旗舰店,【买一送一】红心柚子10斤整箱福建平和管溪蜜柚新鲜水果包邮红肉,酸爽多汁新鲜可口,129,162.8928571,月成交 2.3万笔,评价 21万,178,178,0,宁波,/php/tmall/src/public/img/goodslist/goodlist2019214-23.jpg
124,王小二旗舰店,【买一送一】芒果越南进口玉芒应季新鲜水果包邮10斤当季青芒,酸爽多汁新鲜可口,159,163.8928571,月成交 1.0万笔,评价 39万,179,179,1,厦门,/php/tmall/src/public/img/goodslist/goodlist2019214-24.jpg
125,果督旗舰店,红心柚子10斤大果当季新鲜孕妇水果现摘现发福建琯溪平和红肉蜜柚,酸爽多汁新鲜可口,39.8,164.8928571,月成交 12万笔,评价 54万,180,180,1,青岛,/php/tmall/src/public/img/goodslist/goodlist2019214-25.jpg
126,甘福园旗舰店,【精选特级梨】新疆库尔勒香梨10斤新鲜水果梨子全批发母顺丰包邮,酸爽多汁新鲜可口,39.9,165.8928571,月成交 1.0万笔,评价 2.2万,181,181,1,深圳,/php/tmall/src/public/img/goodslist/goodlist2019214-26.jpg
127,甘福园旗舰店,东北冻梨4斤装 新鲜当季水果苹果梨花盖冻秋梨大黑梨冻梨特产包邮,酸爽多汁新鲜可口,58,166.8928571,月成交 4964笔,评价 1431,182,182,1,山西,/php/tmall/src/public/img/goodslist/goodlist2019214-27.jpg
128,翠王旗舰店,皇冠梨 新鲜水果 梨子 整箱10斤批发包邮当季雪梨 砀山梨酥梨香梨,酸爽多汁新鲜可口,45.9,167.8928571,月成交 3039笔,评价 3.4万,183,183,1,内蒙古,/php/tmall/src/public/img/goodslist/goodlist2019214-28.jpg
129,甘福园旗舰店,【甘福园】海南贵妃芒果10斤新鲜当季水果小红金龙应季青批发包邮,酸爽多汁新鲜可口,69,168.8928571,月成交 1.5万笔,评价 30,184,184,1,吉林,/php/tmall/src/public/img/goodslist/goodlist2019214-29.jpg
130,猴农水果旗舰店,烟台苹果水果新鲜栖霞条纹脆甜10斤一整箱批发包邮萍果山东红富士,酸爽多汁新鲜可口,213,169.8928571,月成交 4428笔,评价 6018,185,185,1,黑龙江,/php/tmall/src/public/img/goodslist/goodlist2019214-30.jpg
131,急鲜丰旗舰店,金桔新鲜水果广西融安特产小金桔滑皮脆皮金桔橘子共发5斤包邮,酸爽多汁新鲜可口,39.8,170.8928571,月成交 8031笔,评价 3.5万,186,186,1,安徽,/php/tmall/src/public/img/goodslist/goodlist2019214-31.jpg
132,王小二旗舰店,【买一送一】阿克苏冰糖心苹果10斤新鲜水果包邮当季应季丑平萍果,酸爽多汁新鲜可口,35,171.8928571,月成交 5377笔,评价 8092,187,187,1,江西,/php/tmall/src/public/img/goodslist/goodlist2019214-32.jpg
133,甘福园旗舰店,广东梅州沙田柚10斤 新鲜当季水果白心柚子现摘梅县蜜柚批发包邮,酸爽多汁新鲜可口,220,172.8928571,月成交 2031笔,评价 941,188,188,1,河南,/php/tmall/src/public/img/goodslist/goodlist2019214-33.jpg
134,翠王旗舰店,香梨当季水果红香酥梨子新鲜整箱10斤包邮媲美新疆库尔勒香梨雪梨,酸爽多汁新鲜可口,236,173.8928571,月成交 3065笔,评价 1215,189,189,1,湖北,/php/tmall/src/public/img/goodslist/goodlist2019214-34.jpg
135,神农伯旗舰店,10斤梨子新鲜砀山梨酥梨香梨雪梨贡梨皇冠梨当季水果批发包邮脆甜,酸爽多汁新鲜可口,469,174.8928571,月成交 3921笔,评价 1.7万,190,190,1,湖南,/php/tmall/src/public/img/goodslist/goodlist2019214-35.jpg
136,尧坝旗舰店,苹果水果新鲜脆甜陕西特产延安水晶当季红富士10斤批发包邮整箱大,酸爽多汁新鲜可口,149,175.8928571,月成交 1.0万笔,评价 7.5万,191,191,1,四川,/php/tmall/src/public/img/goodslist/goodlist2019214-36.jpg
137,急鲜丰旗舰店,沃柑橘子贵妃柑橘沃柑广西新鲜水果皇帝贡品柑橘沃柑带箱10斤包邮,酸爽多汁新鲜可口,119,176.8928571,月成交 7371笔,评价 1.3万,192,192,1,贵州,/php/tmall/src/public/img/goodslist/goodlist2019214-37.jpg
138,佳虹食品旗舰店,红心火龙果 金都红肉火龙果10斤新鲜水果批发包邮现摘现发,酸爽多汁新鲜可口,46,177.8928571,月成交 4149笔,评价 3.2万,193,193,1,云南,/php/tmall/src/public/img/goodslist/goodlist2019214-38.jpg
139,寻乡者旗舰店,新品促销 泰国菠萝蜜12-16斤新鲜进口水果热带波罗海南非红肉包邮,酸爽多汁新鲜可口,136,178.8928571,月成交 1630笔,评价 2363,194,194,1,西藏,/php/tmall/src/public/img/goodslist/goodlist2019214-39.jpg
140,甘福园旗舰店,越南红心火龙果 新鲜当季水果5个装红肉火龙果应季整箱批发包邮,酸爽多汁新鲜可口,28.8,179.8928571,月成交 9116笔,评价 1.9万,195,195,1,陕西,/php/tmall/src/public/img/goodslist/goodlist2019214-40.jpg
141,福瑞达旗舰店,红心柚子水果新鲜包邮当季10斤平和管溪蜜柚三红柚红肉蜜柚,酸爽多汁新鲜可口,69,180.8928571,月成交 5791笔,评价 12万,196,196,1,甘肃,/php/tmall/src/public/img/goodslist/goodlist2019214-41.jpg
142,甘福园旗舰店,【现摘现发】陕西红富士苹果10斤新鲜当季水果小嘎啦整箱批发包邮,酸爽多汁新鲜可口,26.8,181.8928571,月成交 4271笔,评价 3.6万,197,197,1,青海,/php/tmall/src/public/img/goodslist/goodlist2019214-42.jpg
143,王小二旗舰店,【买一送一】山东烟台苹果水果包邮当季新鲜萍平果吃的栖霞红富士,酸爽多汁新鲜可口,136,182.8928571,月成交 4922笔,评价 13万,198,198,1,宁夏,/php/tmall/src/public/img/goodslist/goodlist2019214-43.jpg
144,高塬农旗舰店,正宗陕西洛川苹果水果10斤整箱新鲜脆甜红富士应季水果苹果包邮,酸爽多汁新鲜可口,26.9,183.8928571,月成交 3567笔,评价 5630,199,199,1,新疆,/php/tmall/src/public/img/goodslist/goodlist2019214-44.jpg
145,龙泽堂食品专营店,云南蒙自甜枇杷枇杷果新鲜水果包邮 琵琶果非5斤云霄攀枝花米易,酸爽多汁新鲜可口,28,184.8928571,月成交 2337笔,评价 1.8万,200,200,1,北京,/php/tmall/src/public/img/goodslist/goodlist2019214-45.jpg
146,天猫超市生鲜店,新疆阿克苏冰糖心苹果4.5kg原箱果径80mm以上 水果新鲜当季一箱,酸爽多汁新鲜可口,68,185.8928571,月成交 2.9万笔,评价 2.7万,201,201,1,天津,/php/tmall/src/public/img/goodslist/goodlist2019214-46.jpg
147,福瑞达旗舰店,梨子水果包邮新鲜当季整箱10斤批发皇冠梨青梨雪梨翠冠梨砀山梨子,酸爽多汁新鲜可口,88,186.8928571,月成交 4836笔,评价 9.5万,202,202,1,河北,/php/tmall/src/public/img/goodslist/goodlist2019214-47.jpg
148,想砀好旗舰店,正宗砀山酥梨新鲜水果当季10斤批发包邮整箱雪梨香梨汤山梨新鲜梨,酸爽多汁新鲜可口,32.9,187.8928571,月成交 2530笔,评价 7101,203,203,1,辽宁,/php/tmall/src/public/img/goodslist/goodlist2019214-48.jpg
149,鲜吉士旗舰店,香梨10斤梨子水果批发包邮新鲜整箱5应季红香酥梨媲美新疆库尔勒,酸爽多汁新鲜可口,66,188.8928571,月成交 1.7万笔,评价 1.2万,204,204,1,上海,/php/tmall/src/public/img/goodslist/goodlist2019214-49.jpg
150,甘福园旗舰店,越南青皮芒果 新鲜当季水果应季玉芒2件整箱10斤凯特大批发包邮,酸爽多汁新鲜可口,34.9,189.8928571,月成交 6049笔,评价 8.9万,205,205,1,江苏,/php/tmall/src/public/img/goodslist/goodlist2019214-50.jpg
151,甘福园旗舰店,【精选全母梨】新疆库尔勒香梨10斤新鲜水果全母梨子批发顺丰包邮,酸爽多汁新鲜可口,132,190.8928571,月成交 1560笔,评价 1524,206,206,0,浙江,/php/tmall/src/public/img/goodslist/goodlist2019214-51.jpg
152,梦强旗舰店,烟台苹果水果10斤新鲜一箱整箱脆特产批发包邮吃的山东栖霞红富士,酸爽多汁新鲜可口,198,191.8928571,月成交 8785笔,评价 2930,207,207,0,福建,/php/tmall/src/public/img/goodslist/goodlist2019214-52.jpg
153,阳澄春秋水果旗舰店,鞍山南果梨新鲜10斤装南国梨香水梨东北醉梨正宗东北特产红啤梨5,酸爽多汁新鲜可口,39.9,192.8928571,月成交 1965笔,评价 8468,208,208,0,山东,/php/tmall/src/public/img/goodslist/goodlist2019214-53.jpg
154,王小二旗舰店,【买一送一】王小二红富士苹果水果新鲜整箱10斤当季包邮吃的萍果,酸爽多汁新鲜可口,35.9,193.8928571,月成交 3511笔,评价 1.4万,209,209,0,广东,/php/tmall/src/public/img/goodslist/goodlist2019214-54.jpg
155,甘福园旗舰店,【顺丰包邮】新疆库尔勒香梨 新鲜当季水果整箱10斤梨子应季批发,酸爽多汁新鲜可口,59.9,194.8928571,月成交 1442笔,评价 2.0万,210,210,0,广西,/php/tmall/src/public/img/goodslist/goodlist2019214-55.jpg
156,余小菜旗舰店,枇杷果新鲜水果包邮5斤当季时令云霄蒙自米易龙泉琵琶枇杷,酸爽多汁新鲜可口,68,195.8928571,月成交 1806笔,评价 478,211,211,0,海南,/php/tmall/src/public/img/goodslist/goodlist2019214-56.jpg
157,岭南果旗舰店,现摘红心火龙果 新鲜红肉大果水果当季整箱约5斤包邮实惠装个广西,酸爽多汁新鲜可口,55.8,196.8928571,月成交 1.0万笔,评价 5.6万,212,212,0,重庆,/php/tmall/src/public/img/goodslist/goodlist2019214-57.jpg
158,绿丰山旗舰店,水仙芒果新鲜整箱10斤水果批发大芒果特大金煌芒胜广西大青芒澳芒,酸爽多汁新鲜可口,119,197.8928571,月成交 1069笔,评价 894,213,213,0,大连,/php/tmall/src/public/img/goodslist/goodlist2019214-58.jpg
159,甘福园旗舰店,比利时进口啤梨10枚装 新鲜当季水果梨子软糯香甜应季批发包邮,酸爽多汁新鲜可口,36.8,198.8928571,月成交 1232笔,评价 725,214,214,0,宁波,/php/tmall/src/public/img/goodslist/goodlist2019214-59.jpg
160,福瑞达旗舰店,苹果水果新鲜包邮当季红富士整箱10斤装一箱陕西野生冰糖心丑苹果,酸爽多汁新鲜可口,80,199.8928571,月成交 13万笔,评价 50万,215,215,0,厦门,/php/tmall/src/public/img/goodslist/goodlist2019214-60.jpg
161,恬呈旗舰店,枇杷果新鲜水果包邮现发3斤大五星中果云霄蒙自米易龙泉枇杷,酸爽多汁新鲜可口,13,200.8928571,月成交 3251笔,评价 4530,216,216,1,青岛,/php/tmall/src/public/img/goodslist/goodlist2019214-61.jpg
162,臻果鲜生旗舰店,新鲜脆甜苹果水果10斤包邮当季红富士一整箱批发甘肃特产萍果静宁,酸爽多汁新鲜可口,168,201.8928571,月成交 5509笔,评价 5135,217,217,1,深圳,/php/tmall/src/public/img/goodslist/goodlist2019214-62.jpg
163,晓乡旗舰店,越南玉芒整箱芒果新鲜水果10斤非四川攀枝花凯特大芒果海南特大,酸爽多汁新鲜可口,60,202.8928571,月成交 8546笔,评价 5207,218,218,1,山西,/php/tmall/src/public/img/goodslist/goodlist2019214-63.jpg
164,甘福园旗舰店,越南进口芒果10斤 新鲜当季水果香玉芒青皮芒大整箱应季批发包邮,酸爽多汁新鲜可口,280,203.8928571,月成交 6354笔,评价 6254,219,219,1,内蒙古,/php/tmall/src/public/img/goodslist/goodlist2019214-64.jpg
165,本迪旗舰店,香梨梨子水果包邮新鲜当季整箱10斤红香酥梨雪梨非新疆库尔勒5,酸爽多汁新鲜可口,26.8,204.8928571,月成交 2.0万笔,评价 9553,220,220,1,吉林,/php/tmall/src/public/img/goodslist/goodlist2019214-65.jpg
166,甘福园旗舰店,四川不知火丑橘10斤 新鲜当季水果桔子橘子耙耙柑丑八怪丑柑包邮,酸爽多汁新鲜可口,118,205.8928571,月成交 3.7万笔,评价 4.0万,221,221,1,黑龙江,/php/tmall/src/public/img/goodslist/goodlist2019214-66.jpg
167,洛川苹果旗舰店,陕西洛川苹果水果新鲜红富士40枚80mm新鲜水果红富士苹果批发,酸爽多汁新鲜可口,280,206.8928571,月成交 714笔,评价 3890,222,222,1,安徽,/php/tmall/src/public/img/goodslist/goodlist2019214-67.jpg
168,照旺庄旗舰店,新鲜脆甜10斤烟台苹果栖霞红富士山东新鲜当季水果批发包邮一整箱,酸爽多汁新鲜可口,30.9,207.8928571,月成交 940笔,评价 6047,223,223,1,江西,/php/tmall/src/public/img/goodslist/goodlist2019214-68.jpg
169,甘福园旗舰店,四川攀枝花凯特芒果 新鲜当季水果大青芒应季整箱10斤批发包邮,酸爽多汁新鲜可口,267,208.8928571,月成交 901笔,评价 3.0万,224,224,1,河南,/php/tmall/src/public/img/goodslist/goodlist2019214-69.jpg
170,岚木食品专营店,发5盒低聚果糖大人儿童元可搭酵素食品茶助排消化垢毒孕妇菌群肠,酸爽多汁新鲜可口,292,212,月成交 201笔,评价 3607,56,56,1,北京,/php/tmall/src/public/img/goodslist/goodlist2019214-70.jpg
171,希鸿大食品专营店,99元3盒】修正葛根可配护肝片解酒解酒药喝酒前千杯不醉解酒神器,酸爽多汁新鲜可口,23,23,月成交 51笔,评价 1946,57,57,1,天津,/php/tmall/src/public/img/goodslist/goodlist2019214-71.jpg
172,极之鲜食品专营店,喜多多 椰果王大果粒 200g*15罐整箱 水果罐头 食品饮料 年货礼盒,酸爽多汁新鲜可口,44,123,月成交 11笔,评价 3.7万,58,58,1,河北,/php/tmall/src/public/img/goodslist/goodlist2019214-72.jpg
173,力克保健品旗舰店,升级版?应酬加班前花快速非日本澳洲片男保健品神器保肝护肝饮料,酸爽多汁新鲜可口,2,12,月成交 16笔,评价 1622,59,59,1,辽宁,/php/tmall/src/public/img/goodslist/goodlist2019214-73.jpg
174,源乐美保健品专营店,麦金利葡萄籽维生素e软胶囊抗氧化正品男女性面部保健品C油营养素,酸爽多汁新鲜可口,3,26,月成交 93笔,评价 6639,60,60,1,上海,/php/tmall/src/public/img/goodslist/goodlist2019214-74.jpg
175,希缔食品专营店,韩国进口饮料饮品 乐天芒果汁一整箱180mlx15罐 零食品,酸爽多汁新鲜可口,119,45,月成交 18笔,评价 5175,61,61,1,江苏,/php/tmall/src/public/img/goodslist/goodlist2019214-75.jpg
176,哈尔滨秋林食品专营店,红牛维生素功能饮料 250ml/罐*24罐,酸爽多汁新鲜可口,43.8,32,月成交 8笔,评价 678,62,62,1,浙江,/php/tmall/src/public/img/goodslist/goodlist2019214-76.jpg
177,蓝搏力加食品专营店,50袋麦金利益生菌粉调理肠胃肠道成人孕妇儿童女性益生元低聚果糖,酸爽多汁新鲜可口,228,3,月成交 3笔,评价 6800,63,63,1,福建,/php/tmall/src/public/img/goodslist/goodlist2019214-77.jpg
178,力克保健品旗舰店,【官方直供】黄石珍珠果米酒330g*12罐绿色食品听装易拉罐饮料,酸爽多汁新鲜可口,269,53,月成交 3笔,评价 1903,64,64,1,山东,/php/tmall/src/public/img/goodslist/goodlist2019214-78.jpg
179,湖北八珍食品专营店,【正品 祛斑鱼胶c粉】体恒健鱼胶原蛋白维C维E粉祛黄褐斑非片胶原,酸爽多汁新鲜可口,￥39.90,53,月成交 103笔,评价 1115,65,65,1,广东,/php/tmall/src/public/img/goodslist/goodlist2019214-79.jpg
180,蓝搏力加食品专营店,买二发7 台湾益生菌粉奶昔代餐饱腹孝素果冻零食品咖啡青汁正品女,酸爽多汁新鲜可口,138,24,月成交 19笔,评价 1.5万,66,66,1,广西,/php/tmall/src/public/img/goodslist/goodlist2019214-80.jpg
181,岚木食品专营店,解防保护乙醇引起的肝损伤酒醉千杯力克保健液10瓶男女成人枳椇子,酸爽多汁新鲜可口,149,38.14285714,月成交 47笔,评价 2498,67,67,1,海南,/php/tmall/src/public/img/goodslist/goodlist2019214-81.jpg
182,万基食品旗舰店,养乐多活菌型乳酸菌乳饮品100ml*5 饮料 酸奶 食品饮料,酸爽多汁新鲜可口,55.8,39.25,月成交 377笔,评价 26万,68,68,1,重庆,/php/tmall/src/public/img/goodslist/goodlist2019214-82.jpg
183,天猫超市生鲜店,Mckin/麦金利牌益生菌粉调节肠胃肠道1.5g/袋*20袋旗舰店正品,酸爽多汁新鲜可口,118,40.35714286,月成交 18笔,评价 554,69,69,1,大连,/php/tmall/src/public/img/goodslist/goodlist2019214-83.jpg
184,金果源旗舰店,神内果汁新疆胡萝卜汁饮料238ml*20瓶绿色食品果蔬汁轻断食代餐,酸爽多汁新鲜可口,78,41.46428571,月成交 49笔,评价 1349,70,70,1,宁波,/php/tmall/src/public/img/goodslist/goodlist2019214-84.jpg
185,天猫超市,喜多多 椰果王大果粒水果罐头 饮料零食200g*12罐 福建老牌食品,酸爽多汁新鲜可口,68,42.57142857,月成交 79笔,评价 1613,71,71,1,厦门,/php/tmall/src/public/img/goodslist/goodlist2019214-85.jpg
186,北京同仁堂健康旗舰店,韩国食品进口pororo啵乐乐儿童饮料235ml*8瓶宝露露四种口味饮品,酸爽多汁新鲜可口,12,43.67857143,月成交 1385笔,评价 1062,72,72,1,青岛,/php/tmall/src/public/img/goodslist/goodlist2019214-86.jpg
187,盼盼食品官方旗舰店,东鹏特饮 九制陈皮特饮饮料400ML*24瓶 广东岭南特色食品常喝多润,酸爽多汁新鲜可口,129,44.78571429,月成交 73笔,评价 404,73,73,1,深圳,/php/tmall/src/public/img/goodslist/goodlist2019214-87.jpg
188,新稀宝旗舰店,阿尔发无糖食品过年送礼木糖醇山楂果茶饮料果汁批发整箱大瓶礼盒,酸爽多汁新鲜可口,159,45.89285714,月成交 95笔,评价 279,74,74,1,山西,/php/tmall/src/public/img/goodslist/goodlist2019214-88.jpg
189,同仁堂山西大药房旗舰店,买1送1】蒂芬妮益生菌肠胃益生元调理冻干粉肠道成人儿童,酸爽多汁新鲜可口,39.8,47,月成交 58笔,评价 861,75,75,1,内蒙古,/php/tmall/src/public/img/goodslist/goodlist2019214-89.jpg
190,亚历蒂斯食品专营店,完美牌低聚果糖沙棘茶（固体饮料） 5g/袋*30袋,酸爽多汁新鲜可口,39.9,48.10714286,月成交 42笔,评价 51,76,76,1,吉林,/php/tmall/src/public/img/goodslist/goodlist2019214-90.jpg
191,同仁堂北京专卖,修正维生素C泡腾片 4g/片*12片*3盒套餐,酸爽多汁新鲜可口,58,49.21428571,月成交 51笔,评价 369,77,77,1,黑龙江,/php/tmall/src/public/img/goodslist/goodlist2019214-91.jpg
192,三只松鼠旗舰店,买2送1买5送3】樱花五行茶 35袋 润肠通便排便茶清理肠道茶包,酸爽多汁新鲜可口,45.9,50.32142857,月成交 129笔,评价 1788,78,78,1,安徽,/php/tmall/src/public/img/goodslist/goodlist2019214-92.jpg
193,旺旺食品旗舰店,完美牌低聚果糖沙棘茶（固体饮料） 175G/瓶,酸爽多汁新鲜可口,69,51.42857143,月成交 71笔,评价 195,79,79,1,江西,/php/tmall/src/public/img/goodslist/goodlist2019214-93.jpg
194,百草味旗舰店,国草牌森山饮料 310ML/瓶*6瓶套餐 铁皮石斛养生饮品礼盒装,酸爽多汁新鲜可口,213,52.53571429,月成交 48笔,评价 26,80,80,1,河南,/php/tmall/src/public/img/goodslist/goodlist2019214-94.jpg
195,百草味旗舰店,国草牌森山饮料 310ml/瓶*12瓶铁皮石斛饮品提高免疫力,酸爽多汁新鲜可口,39.8,53.64285714,月成交 87笔,评价 22,81,81,1,湖北,/php/tmall/src/public/img/goodslist/goodlist2019214-95.jpg
196,旺旺食品旗舰店,红牛维生素功能饮料 250ml/罐*24罐 整箱,酸爽多汁新鲜可口,35,54.75,月成交 946笔,评价 75,82,82,1,湖南,/php/tmall/src/public/img/goodslist/goodlist2019214-96.jpg
197,诗秦食品专营店,3盒99 修正葛根枳椇软胶囊神器 男女可搭配喝酒前解酒护肝片,酸爽多汁新鲜可口,220,55.85714286,月成交 17笔,评价 5120,83,83,1,四川,/php/tmall/src/public/img/goodslist/goodlist2019214-97.jpg
198,百事集团官方旗舰店,阿尔发消渴茶 5g/袋*30袋无糖食品调节血糖偏高冲泡茶饮料,酸爽多汁新鲜可口,236,56.96428571,月成交 73笔,评价 548,84,84,1,贵州,/php/tmall/src/public/img/goodslist/goodlist2019214-98.jpg
199,三只松鼠旗舰店,解防护肝降血液乙醇酒精浓度力克保健液2盒套餐缓解宿醉改善记忆,酸爽多汁新鲜可口,469,58.07142857,月成交 58笔,评价 127,85,85,1,云南,/php/tmall/src/public/img/goodslist/goodlist2019214-99.jpg
200,天猫超市,小样乳酸菌饮料批发整箱营养早餐年货乳饮品儿童酸牛奶益生菌食品,酸爽多汁新鲜可口,149,59.17857143,月成交 11笔,评价 2701,86,86,1,西藏,/php/tmall/src/public/img/goodslist/goodlist2019214-100.jpg
201,良品铺子旗舰店,【买1送1】蒂芬妮葡萄籽粉胶囊软胶囊opc花青素,酸爽多汁新鲜可口,119,60.28571429,月成交 20笔,评价 176,87,87,1,陕西,/php/tmall/src/public/img/goodslist/goodlist2019214-101.jpg
202,熊孩子食品旗舰店,盼盼食品官方旗舰店水蜜桃味饮料250ml*24整箱水蜜桃味饮料纸盒装,酸爽多汁新鲜可口,46,61.39285714,月成交 76笔,评价 1017,88,88,1,甘肃,/php/tmall/src/public/img/goodslist/goodlist2019214-102.jpg
203,天猫超市,【拍下发3袋满额送礼品】尼亚人牌罗布麻茶 3g/袋*80袋*2盒套餐,酸爽多汁新鲜可口,136,62.5,月成交 2798笔,评价 1504,89,89,1,青海,/php/tmall/src/public/img/goodslist/goodlist2019214-103.jpg
204,世恩食品专营店,椰汁岛胃动力乳酸菌风味饮品益生菌酸奶338ml*12瓶食品,酸爽多汁新鲜可口,28.8,63.60714286,月成交 14笔,评价 2070,90,90,1,宁夏,/php/tmall/src/public/img/goodslist/goodlist2019214-104.jpg
205,乡盛食品旗舰店,康美R菊皇茶 6.5g/包*20包菊花枸杞清咽花草茶泡茶,酸爽多汁新鲜可口,69,64.71428571,月成交 16笔,评价 277,91,91,1,新疆,/php/tmall/src/public/img/goodslist/goodlist2019214-105.jpg
206,妞妞食品专营店,【买2发3满额再送礼品】官方旗舰店尼亚人牌罗布麻茶 3g/袋*80袋,酸爽多汁新鲜可口,26.8,65.82142857,月成交 10笔,评价 1376,92,92,1,北京,/php/tmall/src/public/img/goodslist/goodlist2019214-106.jpg
207,德芙官方旗舰店,送]海王 嘉力康牌维生素C咀嚼片（蓝莓味） 1.0g/片*90片*2瓶套餐,酸爽多汁新鲜可口,136,66.92857143,月成交 35笔,评价 70,93,93,0,天津,/php/tmall/src/public/img/goodslist/goodlist2019214-107.jpg
208,无穷食品旗舰店,乐天lotte七星冰柠檬味汽水碳酸饮料250ml*10罐韩国进口零食食品,酸爽多汁新鲜可口,26.9,68.03571429,月成交 13笔,评价 125,94,94,0,河北,/php/tmall/src/public/img/goodslist/goodlist2019214-108.jpg
209,老乡亲旗舰店,宾格瑞 哈密瓜牛奶韩国进口休闲食品乳饮料200ml*12盒,酸爽多汁新鲜可口,28,69.14285714,月成交 1笔,评价 534,95,95,0,辽宁,/php/tmall/src/public/img/goodslist/goodlist2019214-109.jpg
210,牧丰食品专营店,韩国进口食品 乐天芒果汁夏季网红饮料冷饮180ml*12瓶休闲零食,酸爽多汁新鲜可口,68,70.25,月成交 48笔,评价 558,96,96,0,上海,/php/tmall/src/public/img/goodslist/goodlist2019214-110.jpg
211,义兴张食品旗舰店,降低血液醉乙醇酒精浓度养护肝片茶解醒酒力克保健液2盒枳椇子,酸爽多汁新鲜可口,88,71.35714286,月成交 3笔,评价 238,97,97,0,江苏,/php/tmall/src/public/img/goodslist/goodlist2019214-111.jpg
212,燕周食品专营店,75袋麦金利益生菌粉调理肠胃肠道成人儿童孕妇可搭酵素梅低聚果糖,酸爽多汁新鲜可口,32.9,72.46428571,月成交 34万笔,评价 19,98,98,0,浙江,/php/tmall/src/public/img/goodslist/goodlist2019214-112.jpg
213,无穷食品旗舰店,韩国原装进口乐天芒果汁饮料180mlx15罐 整箱 夏季饮品 零食品,酸爽多汁新鲜可口,66,73.57142857,月成交 1.9万笔,评价 2293,99,99,0,福建,/php/tmall/src/public/img/goodslist/goodlist2019214-113.jpg
214,廖记棒棒鸡旗舰店,秋林食品公司格瓦斯饮料整箱俄罗斯口味东北哈尔滨原产300ml*12瓶,酸爽多汁新鲜可口,34.9,74.67857143,月成交 15万笔,评价 1195,100,100,0,山东,/php/tmall/src/public/img/goodslist/goodlist2019214-114.jpg
215,德芙官方旗舰店,买2送1 修正葛根枳椇软胶囊24粒 男女可搭配神器喝酒前解酒护肝片,酸爽多汁新鲜可口,132,75.78571429,月成交 26万笔,评价 14,101,101,0,广东,/php/tmall/src/public/img/goodslist/goodlist2019214-115.jpg
216,良品铺子旗舰店,领5元券 降低血液醉乙醇酒精浓度养护肝片茶解醒酒力克保健液10瓶,酸爽多汁新鲜可口,198,76.89285714,月成交 2.0万笔,评价 329,102,102,0,广西,/php/tmall/src/public/img/goodslist/goodlist2019214-116.jpg
217,猫诚旗舰店,【官方直供】黄石珍珠果米酒330g*12罐绿色食品听装易拉罐饮料,酸爽多汁新鲜可口,39.9,78,月成交 6020笔,评价 187,103,103,0,海南,/php/tmall/src/public/img/goodslist/goodlist2019214-117.jpg
218,萌心食品专营店,3盒装】修正 葛根枳椇软胶囊12粒/板*2板*3盒 可搭配解酒护肝片,酸爽多汁新鲜可口,35.9,79.10714286,月成交 9091笔,评价 95,104,104,0,重庆,/php/tmall/src/public/img/goodslist/goodlist2019214-118.jpg
219,有友食品旗舰店,乐天lotte牛奶味苏打乳味碳酸饮料250ml*10罐韩国进口零食品饮品,酸爽多汁新鲜可口,59.9,80.21428571,月成交 19万笔,评价 99,105,105,0,大连,/php/tmall/src/public/img/goodslist/goodlist2019214-119.jpg
220,刘老二旗舰店,万基洋参饮 245ml/瓶X12瓶礼盒装功能饮料西洋参口服液饮品送礼,酸爽多汁新鲜可口,68,81.32142857,月成交 1.5万笔,评价 138,106,106,0,宁波,/php/tmall/src/public/img/goodslist/goodlist2019214-120.jpg
221,丽路食品专营店,养乐多活菌型乳酸菌乳饮品（低糖）100ml*5冷藏酸奶 食品饮料,酸爽多汁新鲜可口,55.8,82.42857143,月成交 3.5万笔,评价 8.2万,107,107,0,厦门,/php/tmall/src/public/img/goodslist/goodlist2019214-121.jpg
222,DIO海外旗舰店,金果源 不添加苹果醋饮料680ml*6玻璃瓶果汁发酵原醋饮品绿色食品,酸爽多汁新鲜可口,119,83.53571429,月成交 1.2万笔,评价 10,108,108,0,青岛,/php/tmall/src/public/img/goodslist/goodlist2019214-122.jpg
223,子丰食品专营店,【清仓】东鹏特饮九制陈皮特饮饮料250ML*24盒岭南特色食品润喉,酸爽多汁新鲜可口,36.8,84.64285714,月成交 12万笔,评价 1622,109,109,0,深圳,/php/tmall/src/public/img/goodslist/goodlist2019214-123.jpg
224,唯叮食品专营店,北京同仁堂总统牌即食雪蛤饮品50g/瓶*4瓶缓解体力疲劳雪蛤正品,酸爽多汁新鲜可口,80,85.75,月成交 1059笔,评价 16,110,110,1,山西,/php/tmall/src/public/img/goodslist/goodlist2019214-124.jpg
225,诗秦食品专营店,盼盼食品就是檬饮料250ml*24盒整箱 蜂蜜柠檬风味果汁夏季饮料,酸爽多汁新鲜可口,13,86.85714286,月成交 2692笔,评价 511,111,111,1,内蒙古,/php/tmall/src/public/img/goodslist/goodlist2019214-125.jpg
226,玛氏食品官方旗舰店,祛斑鱼胶c粉 胶原蛋白祛斑C粉 新稀宝鱼胶原蛋白维C维E粉15袋肽粉,酸爽多汁新鲜可口,168,87.96428571,月成交 1.4万笔,评价 137,112,112,1,吉林,/php/tmall/src/public/img/goodslist/goodlist2019214-126.jpg
227,老街口旗舰店,同仁堂 总统牌即食雪蛤饮品 50g/瓶*4瓶缓解体力疲劳正品包邮,酸爽多汁新鲜可口,60,89.07142857,月成交 4.8万笔,评价 4,113,113,1,黑龙江,/php/tmall/src/public/img/goodslist/goodlist2019214-127.jpg
228,吃嘛嘛食品专营店,台湾进口饮料果汁哈姆Hamu金桔柠檬汁490ml*6罐美味零食品批发,酸爽多汁新鲜可口,280,90.17857143,月成交 9795笔,评价 115,114,114,1,安徽,/php/tmall/src/public/img/goodslist/goodlist2019214-128.jpg
229,丽路食品专营店,同仁堂总统牌即食雪蛤饮品50g/瓶*4瓶缓解体力疲劳,酸爽多汁新鲜可口,26.8,91.28571429,月成交 7274笔,评价 1,115,115,1,江西,/php/tmall/src/public/img/goodslist/goodlist2019214-129.jpg
230,源氏食品专营店,戈壁工坊粮油副食/食用油/菜籽油冷榨一级葵花籽油3.68L/瓶*2,酸爽多汁新鲜可口,118,92.39285714,月成交 9186笔,评价 165万,116,116,1,河南,/php/tmall/src/public/img/goodslist/goodlist2019214-130.jpg
231,老街口旗舰店,戈壁工坊粮油副食/食用油/菜籽油冷榨一級葵花籽油1L/瓶,酸爽多汁新鲜可口,280,93.5,月成交 2137笔,评价 3.0万,117,117,1,湖北,/php/tmall/src/public/img/goodslist/goodlist2019214-131.jpg
232,唐妖食品专营店,722海报印制展板写真喷绘贴纸657粮油副食品名片,酸爽多汁新鲜可口,30.9,94.60714286,月成交 2865笔,评价 118万,118,118,1,湖南,/php/tmall/src/public/img/goodslist/goodlist2019214-132.jpg
233,百事集团官方旗舰店,746海报印制展板写真喷绘贴纸756粮油副食店门头招牌,酸爽多汁新鲜可口,267,95.71428571,月成交 5733笔,评价 139万,119,119,1,四川,/php/tmall/src/public/img/goodslist/goodlist2019214-133.jpg
234,好时巧克力旗舰店,739海报印制展板写真喷绘贴纸734粮油副食店招牌门头,酸爽多汁新鲜可口,,96.82142857,月成交 3897笔,评价 1.2万,120,120,1,贵州,/php/tmall/src/public/img/goodslist/goodlist2019214-134.jpg
235,天猫超市,VS沙宣垂坠质感洗发水500ml＋护发素500ml送50ml*2旅行装易烊千玺,酸爽多汁新鲜可口,,97.92857143,月成交 5341笔,评价 1.5万,121,121,1,云南,/php/tmall/src/public/img/goodslist/goodlist2019214-135.jpg
236,天猫超市,海飞丝清爽去油洗发水500x3+补充装200ml长效去屑止痒控油洗发露,酸爽多汁新鲜可口,,99.03571429,月成交 17万笔,评价 3051,122,122,1,西藏,/php/tmall/src/public/img/goodslist/goodlist2019214-136.jpg
237,云宝贝母婴旗舰店,贝亲婴儿洗发沐浴二合一新生宝宝儿童洗护洗发水沐浴露泡泡浴正品,酸爽多汁新鲜可口,,100.1428571,月成交 5688笔,评价 97万,123,123,1,陕西,/php/tmall/src/public/img/goodslist/goodlist2019214-137.jpg
238,施华蔻官方旗舰店,Schwarzkopf/施华蔻 多效修护19洗发露,酸爽多汁新鲜可口,,101.25,月成交 5734笔,评价 1.5万,124,124,1,甘肃,/php/tmall/src/public/img/goodslist/goodlist2019214-138.jpg
239,阿道夫胜玉露专卖店,阿道夫 轻柔丝滑洗发乳液,酸爽多汁新鲜可口,,102.3571429,月成交 6662笔,评价 45万,125,125,1,青海,/php/tmall/src/public/img/goodslist/goodlist2019214-139.jpg
240,强生婴儿首购专卖店,【3瓶】强生婴儿牛奶沐浴露2L新生儿童女成人沐浴乳留香洗护套装,酸爽多汁新鲜可口,,103.4642857,月成交 1311笔,评价 16万,126,126,1,宁夏,/php/tmall/src/public/img/goodslist/goodlist2019214-140.jpg
241,青蛙王子爱洁丽专卖店,青蛙王子儿童洗发水沐浴露液二合一正品婴幼儿洗护用品宝宝沐浴乳,酸爽多汁新鲜可口,,104.5714286,月成交 6119笔,评价 78万,127,127,1,新疆,/php/tmall/src/public/img/goodslist/goodlist2019214-141.jpg
242,青蛙王子旗舰店,青蛙王子洗发沐浴露二合一儿童洗发水宝宝婴儿洗护泡泡婴幼儿正品,酸爽多汁新鲜可口,,105.6785714,月成交 1148笔,评价 1.0万,128,128,1,北京,/php/tmall/src/public/img/goodslist/goodlist2019214-142.jpg
243,tamanohada玉肌海外旗舰店,日本tamanohada玉肌无硅洗发水护发素组合 玉之肌洗护套装,酸爽多汁新鲜可口,,106.7857143,月成交 1.6万笔,评价 6993,129,129,1,天津,/php/tmall/src/public/img/goodslist/goodlist2019214-143.jpg
244,妙思乐旗舰店,Mustela妙思乐洗发沐浴露二合一500ml婴儿儿童洗护宝宝沐浴液正品,酸爽多汁新鲜可口,,107.8928571,月成交 7483笔,评价 18万,130,130,1,河北,/php/tmall/src/public/img/goodslist/goodlist2019214-144.jpg
245,欧芭旗舰店,oba欧芭留香洗发水护发素洗护套装正品 欧巴香味洗头膏洗发露女士,酸爽多汁新鲜可口,,109,月成交 2577笔,评价 29万,131,131,1,辽宁,/php/tmall/src/public/img/goodslist/goodlist2019214-145.jpg
246,红色小象旗舰店,红色小象婴儿沐浴露洗发水二合一宝宝天然洗护婴幼儿童沐浴液正品,酸爽多汁新鲜可口,,110.1071429,月成交 3564笔,评价 5.0万,132,132,1,上海,/php/tmall/src/public/img/goodslist/goodlist2019214-146.jpg
247,爱贝隆母婴专营店,贝亲婴儿洗发水沐浴露二合一 新生儿宝宝洗护2合1泡泡 儿童沐浴露,酸爽多汁新鲜可口,,111.2142857,月成交 8363笔,评价 3.4万,133,133,1,江苏,/php/tmall/src/public/img/goodslist/goodlist2019214-147.jpg
248,阿道夫尚萃专卖店,阿道夫 轻柔+护发,酸爽多汁新鲜可口,,112.3214286,月成交 2789笔,评价 1.9万,134,134,0,浙江,/php/tmall/src/public/img/goodslist/goodlist2019214-148.jpg
249,施华蔻官方旗舰店,朱一龙同款施华蔻8金无硅油改善毛躁洗发水露蓬松洗护套装1.4L,酸爽多汁新鲜可口,,113.4285714,月成交 5841笔,评价 4230,135,135,0,福建,/php/tmall/src/public/img/goodslist/goodlist2019214-149.jpg
250,资生堂集团海外旗舰店,资生堂FINO美容复合精华洗发水护发素套装550ml*2  染烫受损护理,酸爽多汁新鲜可口,,114.5357143,月成交 3050笔,评价 8.2万,136,136,0,山东,/php/tmall/src/public/img/goodslist/goodlist2019214-150.jpg
251,宝洁官方旗舰店,REJOICE/飘柔 净油顺爽微米净透洗发露,酸爽多汁新鲜可口,,115.6428571,月成交 1.3万笔,评价 3.6万,137,137,0,广东,/php/tmall/src/public/img/goodslist/goodlist2019214-151.jpg
252,红色小象旗舰店,红色小象婴儿洗发沐浴露二合一洗护婴幼儿宝宝天然正品儿童洗发水,酸爽多汁新鲜可口,,116.75,月成交 1.7万笔,评价 8.5万,138,138,0,广西,/php/tmall/src/public/img/goodslist/goodlist2019214-152.jpg
253,天猫国际官方直营,【直营】韩国进口洗发水红吕Ryo损伤修复500ml*2瓶,酸爽多汁新鲜可口,,117.8571429,月成交 2120笔,评价 4.1万,139,139,0,海南,/php/tmall/src/public/img/goodslist/goodlist2019214-153.jpg
254,L’OCCITANE欧舒丹官方旗舰店,【情人节】欧舒丹洗发水草本强韧洗护套装清洁柔顺发质家庭装正品,酸爽多汁新鲜可口,,118.9642857,月成交 1.7万笔,评价 122万,140,140,0,重庆,/php/tmall/src/public/img/goodslist/goodlist2019214-154.jpg
255,植观旗舰店,植观 Neroli脆弱再见深层修护洗护套装,酸爽多汁新鲜可口,,120.0714286,月成交 1761笔,评价 6.2万,141,141,0,大连,/php/tmall/src/public/img/goodslist/goodlist2019214-155.jpg
256,青蛙王子旗舰店,青蛙王子婴儿沐浴露二合一正品新生婴幼儿洗发水宝宝专用洗护泡泡,酸爽多汁新鲜可口,,121.1785714,月成交 2303笔,评价 4357,142,142,0,宁波,/php/tmall/src/public/img/goodslist/goodlist2019214-156.jpg
257,贝亲官方旗舰店,【贝亲官方旗舰店】婴儿沐浴露润肤露护臀膏面霜宝宝洗护豪华套装,酸爽多汁新鲜可口,,122.2857143,月成交 8319笔,评价 9.2万,143,143,0,厦门,/php/tmall/src/public/img/goodslist/goodlist2019214-157.jpg
258,阿道夫子慕专卖店,阿道夫轻柔组合套装正品洗发水沐浴露护发素洗护沐浴三件套家庭装,酸爽多汁新鲜可口,,123.3928571,月成交 1696笔,评价 1638,144,144,0,青岛,/php/tmall/src/public/img/goodslist/goodlist2019214-158.jpg
259,欧莱雅美发官方旗舰店,欧莱雅美发精油润养女士洗发水护发素洗护套装1.4L柔顺 持久留香,酸爽多汁新鲜可口,,124.5,月成交 5754笔,评价 2.5万,145,145,0,深圳,/php/tmall/src/public/img/goodslist/goodlist2019214-159.jpg
260,吕官方旗舰店,【官方直营】紫吕油性男女滋养韧发洗发水护发乳正品套装400ml*2,酸爽多汁新鲜可口,,125.6071429,月成交 2731笔,评价 3354,146,146,0,山西,/php/tmall/src/public/img/goodslist/goodlist2019214-160.jpg
261,资生堂集团海外旗舰店,资生堂玛馨妮无硅油洗发水护发素套装450ML*2 染烫修复轻盈蓬松,酸爽多汁新鲜可口,,126.7142857,月成交 5659笔,评价 3.3万,147,147,0,内蒙古,/php/tmall/src/public/img/goodslist/goodlist2019214-161.jpg
262,联合利华海外旗舰店,日本进口Dove多芬滢润养护无硅洗发水护发素套装480g*2 保湿修复,酸爽多汁新鲜可口,,127.8214286,月成交 1481笔,评价 5872,148,148,0,吉林,/php/tmall/src/public/img/goodslist/goodlist2019214-162.jpg
263,MatsumotoKiYoshi海外旗舰店,保税仓发货 日本松本清 资生堂FINO精华洗发水护发素套装550ml*2,酸爽多汁新鲜可口,,128.9285714,月成交 2567笔,评价 4675,149,149,0,黑龙江,/php/tmall/src/public/img/goodslist/goodlist2019214-163.jpg
264,欧芭恋蝶专卖店,oba/欧芭 香草SPA48小时高营养洗发乳霜,酸爽多汁新鲜可口,,130.0357143,月成交 3.1万笔,评价 4604,150,150,0,安徽,/php/tmall/src/public/img/goodslist/goodlist2019214-164.jpg
265,吕官方旗舰店,【官方直营】黑吕洗发水臻参焕活御时生机洗护套装400ml+400ml,酸爽多汁新鲜可口,,131.1428571,月成交 939笔,评价 8536,151,151,0,江西,/php/tmall/src/public/img/goodslist/goodlist2019214-165.jpg
266,宝洁海外旗舰店,日本进口hair recipe水果洗发水蜂蜜杏仁滋润女士香无硅油洗护套,酸爽多汁新鲜可口,,132.25,月成交 638笔,评价 2982,152,152,0,河南,/php/tmall/src/public/img/goodslist/goodlist2019214-166.jpg
267,植观旗舰店,植观 Aphrodite轻装上阵蓬松丰盈洗护套装,酸爽多汁新鲜可口,,133.3571429,月成交 34万笔,评价 3.0万,153,153,0,湖北,/php/tmall/src/public/img/goodslist/goodlist2019214-167.jpg
268,冰希黎旗舰店,冰希黎夜幕之水香水香氛身体乳+沐浴露洗护套装220g*2 持久留香,酸爽多汁新鲜可口,,134.4642857,月成交 1.9万笔,评价 2.1万,154,154,0,湖南,/php/tmall/src/public/img/goodslist/goodlist2019214-168.jpg
269,笛梵旗舰店,笛梵洗发水套装正品DIFO迪梵男女士无硅油控油香水洗头膏露护发素,酸爽多汁新鲜可口,,135.5714286,月成交 15万笔,评价 12万,155,155,0,四川,/php/tmall/src/public/img/goodslist/goodlist2019214-169.jpg
270,苏宁易购官方旗舰店,阿道夫 洗护套装（净澈+护发）,酸爽多汁新鲜可口,,136.6785714,月成交 26万笔,评价 2.4万,156,156,0,贵州,/php/tmall/src/public/img/goodslist/goodlist2019214-170.jpg
271,宝洁海外旗舰店,Herbal Essences玫瑰小粉瓶芳疗女士香水无硅油洗护发套装400ml*2,酸爽多汁新鲜可口,,137.7857143,月成交 2.0万笔,评价 5.8万,157,157,0,云南,/php/tmall/src/public/img/goodslist/goodlist2019214-171.jpg
272,triptychoflune三谷旗舰店,英国三谷氨基酸洗发水护发素套装  女士滋养柔顺蓬松润泽无硅油,酸爽多汁新鲜可口,,138.8928571,月成交 6020笔,评价 5.4万,158,158,0,西藏,/php/tmall/src/public/img/goodslist/goodlist2019214-172.jpg
273,pigeon官方海外旗舰店,贝亲婴儿洗发沐浴露二合一日本进口宝宝洗护类胎脂成分官方旗舰店,酸爽多汁新鲜可口,,139.8928571,月成交 9091笔,评价 2341,159,159,0,陕西,/php/tmall/src/public/img/goodslist/goodlist2019214-173.jpg
274,黛丝恩旗舰店,Moist Diane/黛丝恩 植萃滋润亮泽,酸爽多汁新鲜可口,,140.8928571,月成交 19万笔,评价 6086,160,160,0,甘肃,/php/tmall/src/public/img/goodslist/goodlist2019214-174.jpg
275,雅悦化妆品专营店,阿道夫 祛屑止痒洗发水,酸爽多汁新鲜可口,,141.8928571,月成交 1.5万笔,评价 3.2万,161,161,0,青海,/php/tmall/src/public/img/goodslist/goodlist2019214-175.jpg
276,力士官方旗舰店,Lux力士新活炫亮洗发水+精油香氛沐浴露乳液男女滋养正品洗护套装,酸爽多汁新鲜可口,,142.8928571,月成交 3.5万笔,评价 6863,162,162,0,宁夏,/php/tmall/src/public/img/goodslist/goodlist2019214-176.jpg
277,pigeon官方海外旗舰店,贝亲婴儿洗护洗发沐浴二合一补水润肤乳套装宝宝用品官方旗舰店,酸爽多汁新鲜可口,,143.8928571,月成交 1.2万笔,评价 8.2万,163,163,0,新疆,/php/tmall/src/public/img/goodslist/goodlist2019214-177.jpg
278,施巴美科专卖店,施巴婴儿沐浴露二合一 新生儿宝宝儿童专用洗护正品 洗发沐浴2合1,酸爽多汁新鲜可口,,144.8928571,月成交 12万笔,评价 3.5万,164,164,0,北京,/php/tmall/src/public/img/goodslist/goodlist2019214-178.jpg
279,笛梵旗舰店,笛梵洗发水套装正品无硅油迪梵蜗牛原液发膜difo官方旗舰店官网,酸爽多汁新鲜可口,,145.8928571,月成交 1059笔,评价 2.4万,165,165,0,天津,/php/tmall/src/public/img/goodslist/goodlist2019214-179.jpg
280,宝洁官方旗舰店,REJOICE/飘柔 香氛洗发露滋养柔滑,酸爽多汁新鲜可口,,146.8928571,月成交 2692笔,评价 1.8万,166,166,0,河北,/php/tmall/src/public/img/goodslist/goodlist2019214-180.jpg
281,丝蕴官方旗舰店,syoss丝蕴深层修护洗发水护发素洗护套装1.75L家庭装修护烫染T3,酸爽多汁新鲜可口,,147.8928571,月成交 1.4万笔,评价 2606,167,167,0,辽宁,/php/tmall/src/public/img/goodslist/goodlist2019214-181.jpg
282,seeyoung滋源环亚专卖店,SEEYOUNG/滋源 无患子控油清爽洗头水,酸爽多汁新鲜可口,,148.8928571,月成交 4.8万笔,评价 2.8万,168,168,0,上海,/php/tmall/src/public/img/goodslist/goodlist2019214-182.jpg
283,联合利华海外旗舰店,日本进口Dove多芬空气保湿无硅油洗发水护发素套装480g*2补水保湿,酸爽多汁新鲜可口,,149.8928571,月成交 9795笔,评价 1447,169,169,0,江苏,/php/tmall/src/public/img/goodslist/goodlist2019214-183.jpg
284,强生婴儿旗舰店,强生婴儿牛奶沐浴露 新生儿洗护宝宝滋养保湿沐浴乳官网正品,酸爽多汁新鲜可口,,150.8928571,月成交 7274笔,评价 40,170,170,0,浙江,/php/tmall/src/public/img/goodslist/goodlist2019214-184.jpg
285,巴登魔瓶官方旗舰店,巴登魔瓶迷迭香洗护套装药鼠尾草牛蒡根洗发水护发素双重控油除螨,酸爽多汁新鲜可口,,151.8928571,月成交 9186笔,评价 165万,171,171,0,福建,/php/tmall/src/public/img/goodslist/goodlist2019214-185.jpg
286,欧莱雅美发官方旗舰店,欧莱雅美发洗发水透明质酸无硅油洗护套装1.8L 补水控油,酸爽多汁新鲜可口,,152.8928571,月成交 2137笔,评价 3.0万,172,172,0,山东,/php/tmall/src/public/img/goodslist/goodlist2019214-186.jpg
287,气味图书馆旗舰店,气味图书馆一壶凉白开定制款礼盒创意生日礼物礼品洗护香水套装,酸爽多汁新鲜可口,,153.8928571,月成交 2865笔,评价 118万,173,173,0,广东,/php/tmall/src/public/img/goodslist/goodlist2019214-187.jpg
288,华星伊人化妆品专营,施华蔻多效修护洗护套装改善干枯毛躁男女无硅油洗发水护发素1.4L,酸爽多汁新鲜可口,,154.8928571,月成交 5733笔,评价 139万,174,174,0,广西,/php/tmall/src/public/img/goodslist/goodlist2019214-188.jpg
289,强生中国官方旗舰店,强生婴儿牛奶燕麦沐浴露1L*2 儿童宝宝沐浴乳洗护洁净滋润家庭装,酸爽多汁新鲜可口,,155.8928571,月成交 3897笔,评价 1.2万,175,175,0,海南,/php/tmall/src/public/img/goodslist/goodlist2019214-189.jpg
290,红色小象东印专卖店,红色小象婴儿沐浴露洗发水二合一新生儿宝宝专用洗护旗舰店 正品,酸爽多汁新鲜可口,,156.8928571,月成交 5341笔,评价 1.5万,176,176,0,重庆,/php/tmall/src/public/img/goodslist/goodlist2019214-190.jpg
291,欧芭旗舰店,oba/欧芭 A1+A2,酸爽多汁新鲜可口,,157.8928571,月成交 17万笔,评价 3051,177,177,0,大连,/php/tmall/src/public/img/goodslist/goodlist2019214-191.jpg
292,天猫国际官方直营,日本进口Tamanohada百年玉肌洗发水护发素套装540ml*2瓶天然精油,酸爽多汁新鲜可口,,158.8928571,月成交 5688笔,评价 97万,178,178,0,宁波,/php/tmall/src/public/img/goodslist/goodlist2019214-192.jpg
293,沙宣官方旗舰店,VS沙宣 修护水养洗发水400ml+护发素200ml滋润修护 男女士护发素,酸爽多汁新鲜可口,,159.8928571,月成交 5734笔,评价 1.5万,179,179,1,厦门,/php/tmall/src/public/img/goodslist/goodlist2019214-193.jpg
294,triptychoflune三谷旗舰店,【大油头】英国tol三谷氨基酸洗发水护发素套装女士控油去屑无硅,酸爽多汁新鲜可口,,160.8928571,月成交 6662笔,评价 45万,180,180,1,青岛,/php/tmall/src/public/img/goodslist/goodlist2019214-194.jpg
295,廖记棒棒鸡旗舰店,苹果水果新鲜包邮当季红富士整箱10斤装一箱陕西野生冰糖心丑苹果,酸爽多汁新鲜可口,,161.8928571,月成交 1311笔,评价 16万,181,181,1,深圳,/php/tmall/src/public/img/goodslist/goodlist2019214-195.jpg
296,休闲农场旗舰店,枇杷果新鲜水果包邮现发3斤大五星中果云霄蒙自米易龙泉枇杷,酸爽多汁新鲜可口,,162.8928571,月成交 6119笔,评价 78万,182,182,1,山西,/php/tmall/src/public/img/goodslist/goodlist2019214-196.jpg
297,delinu迪乐能旗舰店,新鲜脆甜苹果水果10斤包邮当季红富士一整箱批发甘肃特产萍果静宁,酸爽多汁新鲜可口,,163.8928571,月成交 1148笔,评价 1.0万,183,183,1,内蒙古,/php/tmall/src/public/img/goodslist/goodlist2019214-197.jpg
298,德州扒鸡旗舰店,越南玉芒整箱芒果新鲜水果10斤非四川攀枝花凯特大芒果海南特大,酸爽多汁新鲜可口,,164.8928571,月成交 1.6万笔,评价 6993,184,184,1,吉林,/php/tmall/src/public/img/goodslist/goodlist2019214-198.jpg
299,可味食品旗舰店,越南进口芒果10斤 新鲜当季水果香玉芒青皮芒大整箱应季批发包邮,酸爽多汁新鲜可口,,165.8928571,月成交 7483笔,评价 18万,185,185,1,黑龙江,/php/tmall/src/public/img/goodslist/goodlist2019214-199.jpg
300,青恬食品专营店,香梨梨子水果包邮新鲜当季整箱10斤红香酥梨雪梨非新疆库尔勒5,酸爽多汁新鲜可口,,166.8928571,月成交 2577笔,评价 29万,186,186,1,安徽,/php/tmall/src/public/img/goodslist/goodlist2019214-200.jpg
301,平东食品专营店,四川不知火丑橘10斤 新鲜当季水果桔子橘子耙耙柑丑八怪丑柑包邮,酸爽多汁新鲜可口,,167.8928571,月成交 3564笔,评价 5.0万,187,187,1,江西,/php/tmall/src/public/img/goodslist/goodlist2019214-201.jpg
302,甘福园旗舰店,陕西洛川苹果水果新鲜红富士40枚80mm新鲜水果红富士苹果批发,酸爽多汁新鲜可口,,168.8928571,月成交 8363笔,评价 3.4万,188,188,1,河南,/php/tmall/src/public/img/goodslist/goodlist2019214-202.jpg
303,甘福园旗舰店,新鲜脆甜10斤烟台苹果栖霞红富士山东新鲜当季水果批发包邮一整箱,酸爽多汁新鲜可口,,169.8928571,月成交 2789笔,评价 1.9万,189,189,1,湖北,/php/tmall/src/public/img/goodslist/goodlist2019214-203.jpg
304,甘福园旗舰店,四川攀枝花凯特芒果 新鲜当季水果大青芒应季整箱10斤批发包邮,酸爽多汁新鲜可口,,170.8928571,月成交 5841笔,评价 4230,190,190,1,湖南,/php/tmall/src/public/img/goodslist/goodlist2019214-204.jpg
305,王小二旗舰店,发5盒低聚果糖大人儿童元可搭酵素食品茶助排消化垢毒孕妇菌群肠,酸爽多汁新鲜可口,,171.8928571,月成交 3050笔,评价 8.2万,191,191,1,四川,/php/tmall/src/public/img/goodslist/goodlist2019214-205.jpg
306,甘福园旗舰店,99元3盒】修正葛根可配护肝片解酒解酒药喝酒前千杯不醉解酒神器,酸爽多汁新鲜可口,,172.8928571,月成交 1.3万笔,评价 3.6万,192,192,1,贵州,/php/tmall/src/public/img/goodslist/goodlist2019214-206.jpg
307,王小二旗舰店,喜多多 椰果王大果粒 200g*15罐整箱 水果罐头 食品饮料 年货礼盒,酸爽多汁新鲜可口,,173.8928571,月成交 1.7万笔,评价 8.5万,193,193,1,云南,/php/tmall/src/public/img/goodslist/goodlist2019214-207.jpg
308,照旺庄旗舰店,升级版?应酬加班前花快速非日本澳洲片男保健品神器保肝护肝饮料,酸爽多汁新鲜可口,,174.8928571,月成交 2120笔,评价 4.1万,194,194,1,西藏,/php/tmall/src/public/img/goodslist/goodlist2019214-208.jpg
309,甘福园旗舰店,麦金利葡萄籽维生素e软胶囊抗氧化正品男女性面部保健品C油营养素,酸爽多汁新鲜可口,,175.8928571,月成交 1.7万笔,评价 122万,195,195,1,陕西,/php/tmall/src/public/img/goodslist/goodlist2019214-209.jpg
310,小心柑儿旗舰店,韩国进口饮料饮品 乐天芒果汁一整箱180mlx15罐 零食品,酸爽多汁新鲜可口,,176.8928571,月成交 1761笔,评价 6.2万,196,196,1,甘肃,/php/tmall/src/public/img/goodslist/goodlist2019214-210.jpg
311,别样红旗舰店,红牛维生素功能饮料 250ml/罐*24罐,酸爽多汁新鲜可口,,177.8928571,月成交 2303笔,评价 4357,197,197,1,青海,/php/tmall/src/public/img/goodslist/goodlist2019214-211.jpg
312,甘福园旗舰店,50袋麦金利益生菌粉调理肠胃肠道成人孕妇儿童女性益生元低聚果糖,酸爽多汁新鲜可口,,178.8928571,月成交 8319笔,评价 9.2万,198,198,1,宁夏,/php/tmall/src/public/img/goodslist/goodlist2019214-212.jpg
313,照旺庄旗舰店,【官方直供】黄石珍珠果米酒330g*12罐绿色食品听装易拉罐饮料,酸爽多汁新鲜可口,,179.8928571,月成交 1696笔,评价 1638,199,199,1,新疆,/php/tmall/src/public/img/goodslist/goodlist2019214-213.jpg
314,王小二旗舰店,【正品 祛斑鱼胶c粉】体恒健鱼胶原蛋白维C维E粉祛黄褐斑非片胶原,酸爽多汁新鲜可口,,180.8928571,月成交 5754笔,评价 2.5万,200,200,1,北京,/php/tmall/src/public/img/goodslist/goodlist2019214-214.jpg
315,王小二旗舰店,买二发7 台湾益生菌粉奶昔代餐饱腹孝素果冻零食品咖啡青汁正品女,酸爽多汁新鲜可口,,181.8928571,月成交 2731笔,评价 3354,201,201,1,天津,/php/tmall/src/public/img/goodslist/goodlist2019214-215.jpg
316,果督旗舰店,解防保护乙醇引起的肝损伤酒醉千杯力克保健液10瓶男女成人枳椇子,酸爽多汁新鲜可口,,182.8928571,月成交 5659笔,评价 3.3万,202,202,1,河北,/php/tmall/src/public/img/goodslist/goodlist2019214-216.jpg
317,甘福园旗舰店,养乐多活菌型乳酸菌乳饮品100ml*5 饮料 酸奶 食品饮料,酸爽多汁新鲜可口,,183.8928571,月成交 1481笔,评价 5872,203,203,1,辽宁,/php/tmall/src/public/img/goodslist/goodlist2019214-217.jpg
318,甘福园旗舰店,Mckin/麦金利牌益生菌粉调节肠胃肠道1.5g/袋*20袋旗舰店正品,酸爽多汁新鲜可口,,184.8928571,月成交 2567笔,评价 4675,204,204,1,上海,/php/tmall/src/public/img/goodslist/goodlist2019214-218.jpg
319,翠王旗舰店,神内果汁新疆胡萝卜汁饮料238ml*20瓶绿色食品果蔬汁轻断食代餐,酸爽多汁新鲜可口,,185.8928571,月成交 3.1万笔,评价 4604,205,205,1,江苏,/php/tmall/src/public/img/goodslist/goodlist2019214-219.jpg
320,甘福园旗舰店,喜多多 椰果王大果粒水果罐头 饮料零食200g*12罐 福建老牌食品,酸爽多汁新鲜可口,,186.8928571,月成交 939笔,评价 8536,206,206,0,浙江,/php/tmall/src/public/img/goodslist/goodlist2019214-220.jpg
321,猴农水果旗舰店,韩国食品进口pororo啵乐乐儿童饮料235ml*8瓶宝露露四种口味饮品,酸爽多汁新鲜可口,,187.8928571,月成交 638笔,评价 2982,207,207,0,福建,/php/tmall/src/public/img/goodslist/goodlist2019214-221.jpg
322,急鲜丰旗舰店,东鹏特饮 九制陈皮特饮饮料400ML*24瓶 广东岭南特色食品常喝多润,酸爽多汁新鲜可口,,188.8928571,月成交 6.0万笔,评价 3.0万,208,208,0,山东,/php/tmall/src/public/img/goodslist/goodlist2019214-222.jpg
323,王小二旗舰店,阿尔发无糖食品过年送礼木糖醇山楂果茶饮料果汁批发整箱大瓶礼盒,酸爽多汁新鲜可口,,189.8928571,月成交 2.7万笔,评价 2.1万,209,209,0,广东,/php/tmall/src/public/img/goodslist/goodlist2019214-223.jpg
324,甘福园旗舰店,买1送1】蒂芬妮益生菌肠胃益生元调理冻干粉肠道成人儿童,酸爽多汁新鲜可口,,190.8928571,月成交 2.6万笔,评价 12万,210,210,0,广西,/php/tmall/src/public/img/goodslist/goodlist2019214-224.jpg
325,翠王旗舰店,完美牌低聚果糖沙棘茶（固体饮料） 5g/袋*30袋,酸爽多汁新鲜可口,,191.8928571,月成交 7.0万笔,评价 2.4万,211,211,0,海南,/php/tmall/src/public/img/goodslist/goodlist2019214-225.jpg
326,神农伯旗舰店,修正维生素C泡腾片 4g/片*12片*3盒套餐,酸爽多汁新鲜可口,,192.8928571,月成交 2.1万笔,评价 5.8万,212,212,0,重庆,/php/tmall/src/public/img/goodslist/goodlist2019214-226.jpg
327,尧坝旗舰店,买2送1买5送3】樱花五行茶 35袋 润肠通便排便茶清理肠道茶包,酸爽多汁新鲜可口,,193.8928571,月成交 6.5万笔,评价 5.4万,213,213,0,大连,/php/tmall/src/public/img/goodslist/goodlist2019214-227.jpg
328,急鲜丰旗舰店,完美牌低聚果糖沙棘茶（固体饮料） 175G/瓶,酸爽多汁新鲜可口,,194.8928571,月成交 9743笔,评价 2341,214,214,0,宁波,/php/tmall/src/public/img/goodslist/goodlist2019214-228.jpg
329,佳虹食品旗舰店,国草牌森山饮料 310ML/瓶*6瓶套餐 铁皮石斛养生饮品礼盒装,酸爽多汁新鲜可口,,195.8928571,月成交 1.5万笔,评价 6086,215,215,0,厦门,/php/tmall/src/public/img/goodslist/goodlist2019214-229.jpg
330,寻乡者旗舰店,国草牌森山饮料 310ml/瓶*12瓶铁皮石斛饮品提高免疫力,酸爽多汁新鲜可口,,196.8928571,月成交 2.4万笔,评价 3.2万,216,216,1,青岛,/php/tmall/src/public/img/goodslist/goodlist2019214-230.jpg
331,甘福园旗舰店,红牛维生素功能饮料 250ml/罐*24罐 整箱,酸爽多汁新鲜可口,,197.8928571,月成交 2147笔,评价 6863,217,217,1,深圳,/php/tmall/src/public/img/goodslist/goodlist2019214-231.jpg
332,福瑞达旗舰店,3盒99 修正葛根枳椇软胶囊神器 男女可搭配喝酒前解酒护肝片,酸爽多汁新鲜可口,,198.8928571,月成交 7523笔,评价 8.2万,218,218,1,山西,/php/tmall/src/public/img/goodslist/goodlist2019214-232.jpg
333,甘福园旗舰店,阿尔发消渴茶 5g/袋*30袋无糖食品调节血糖偏高冲泡茶饮料,酸爽多汁新鲜可口,,199.8928571,月成交 8816笔,评价 3.5万,219,219,1,内蒙古,/php/tmall/src/public/img/goodslist/goodlist2019214-233.jpg
334,王小二旗舰店,解防护肝降血液乙醇酒精浓度力克保健液2盒套餐缓解宿醉改善记忆,酸爽多汁新鲜可口,,200.8928571,月成交 2.3万笔,评价 2.4万,220,220,1,吉林,/php/tmall/src/public/img/goodslist/goodlist2019214-234.jpg
335,高塬农旗舰店,小样乳酸菌饮料批发整箱营养早餐年货乳饮品儿童酸牛奶益生菌食品,酸爽多汁新鲜可口,,201.8928571,月成交 1.0万笔,评价 1.8万,221,221,1,黑龙江,/php/tmall/src/public/img/goodslist/goodlist2019214-235.jpg
336,龙泽堂食品专营店,【买1送1】蒂芬妮葡萄籽粉胶囊软胶囊opc花青素,酸爽多汁新鲜可口,,202.8928571,月成交 12万笔,评价 2606,222,222,1,安徽,/php/tmall/src/public/img/goodslist/goodlist2019214-236.jpg
337,天猫超市生鲜店,盼盼食品官方旗舰店水蜜桃味饮料250ml*24整箱水蜜桃味饮料纸盒装,酸爽多汁新鲜可口,,203.8928571,月成交 1.0万笔,评价 2.8万,223,223,1,江西,/php/tmall/src/public/img/goodslist/goodlist2019214-237.jpg
338,福瑞达旗舰店,【拍下发3袋满额送礼品】尼亚人牌罗布麻茶 3g/袋*80袋*2盒套餐,酸爽多汁新鲜可口,,204.8928571,月成交 4964笔,评价 1447,224,224,1,河南,/php/tmall/src/public/img/goodslist/goodlist2019214-238.jpg
339,想砀好旗舰店,椰汁岛胃动力乳酸菌风味饮品益生菌酸奶338ml*12瓶食品,酸爽多汁新鲜可口,,205.8928571,月成交 3039笔,评价 40,163,163,0,西藏,/php/tmall/src/public/img/goodslist/goodlist2019214-239.jpg
340,鲜吉士旗舰店,康美R菊皇茶 6.5g/包*20包菊花枸杞清咽花草茶泡茶,酸爽多汁新鲜可口,,206.8928571,月成交 1.5万笔,评价 14万,164,164,0,陕西,/php/tmall/src/public/img/goodslist/goodlist2019214-240.jpg
341,甘福园旗舰店,【买2发3满额再送礼品】官方旗舰店尼亚人牌罗布麻茶 3g/袋*80袋,酸爽多汁新鲜可口,,207.8928571,月成交 4428笔,评价 54万,165,165,0,甘肃,/php/tmall/src/public/img/goodslist/goodlist2019214-241.jpg
342,甘福园旗舰店,送]海王 嘉力康牌维生素C咀嚼片（蓝莓味） 1.0g/片*90片*2瓶套餐,酸爽多汁新鲜可口,,208.8928571,月成交 8031笔,评价 9.3万,166,166,0,青海,/php/tmall/src/public/img/goodslist/goodlist2019214-242.jpg
343,梦强旗舰店,乐天lotte七星冰柠檬味汽水碳酸饮料250ml*10罐韩国进口零食食品,酸爽多汁新鲜可口,,212,月成交 5377笔,评价 12万,167,167,0,宁夏,/php/tmall/src/public/img/goodslist/goodlist2019214-243.jpg
344,阳澄春秋水果旗舰店,宾格瑞 哈密瓜牛奶韩国进口休闲食品乳饮料200ml*12盒,酸爽多汁新鲜可口,,23,月成交 2031笔,评价 44万,168,168,0,新疆,/php/tmall/src/public/img/goodslist/goodlist2019214-244.jpg
345,王小二旗舰店,韩国进口食品 乐天芒果汁夏季网红饮料冷饮180ml*12瓶休闲零食,酸爽多汁新鲜可口,,123,月成交 3065笔,评价 23万,169,169,0,北京,/php/tmall/src/public/img/goodslist/goodlist2019214-245.jpg
346,甘福园旗舰店,降低血液醉乙醇酒精浓度养护肝片茶解醒酒力克保健液2盒枳椇子,酸爽多汁新鲜可口,,12,月成交 3921笔,评价 2.5万,170,170,0,天津,/php/tmall/src/public/img/goodslist/goodlist2019214-246.jpg
347,余小菜旗舰店,75袋麦金利益生菌粉调理肠胃肠道成人儿童孕妇可搭酵素梅低聚果糖,酸爽多汁新鲜可口,,185.8928571,月成交 1.0万笔,评价 8.7万,171,171,0,河北,/php/tmall/src/public/img/goodslist/goodlist2019214-247.jpg
348,岭南果旗舰店,韩国原装进口乐天芒果汁饮料180mlx15罐 整箱 夏季饮品 零食品,酸爽多汁新鲜可口,,186.8928571,月成交 7371笔,评价 15万,172,172,1,辽宁,/php/tmall/src/public/img/goodslist/goodlist2019214-248.jpg
349,绿丰山旗舰店,秋林食品公司格瓦斯饮料整箱俄罗斯口味东北哈尔滨原产300ml*12瓶,酸爽多汁新鲜可口,,187.8928571,月成交 4149笔,评价 1.0万,173,173,1,上海,/php/tmall/src/public/img/goodslist/goodlist2019214-249.jpg
350,甘福园旗舰店,买2送1 修正葛根枳椇软胶囊24粒 男女可搭配神器喝酒前解酒护肝片,酸爽多汁新鲜可口,,188.8928571,月成交 1630笔,评价 1.4万,174,174,1,江苏_min_,/php/tmall/src/public/img/goodslist/goodlist2019214-250.jpg
351,福瑞达旗舰店,领5元券 降低血液醉乙醇酒精浓度养护肝片茶解醒酒力克保健液10瓶,酸爽多汁新鲜可口,,189.8928571,月成交 9116笔,评价 5457,175,175,1,浙江,/php/tmall/src/public/img/goodslist/goodlist2019214-251.jpg
352,恬呈旗舰店,【官方直供】黄石珍珠果米酒330g*12罐绿色食品听装易拉罐饮料,酸爽多汁新鲜可口,,190.8928571,月成交 5791笔,评价 21万,176,176,1,福建,/php/tmall/src/public/img/goodslist/goodlist2019214-252.jpg
353,王小二旗舰店,3盒装】修正 葛根枳椇软胶囊12粒/板*2板*3盒 可搭配解酒护肝片,酸爽多汁新鲜可口,,191.8928571,月成交 4271笔,评价 39万,177,177,1,山东,/php/tmall/src/public/img/goodslist/goodlist2019214-253.jpg
354,王小二旗舰店,乐天lotte牛奶味苏打乳味碳酸饮料250ml*10罐韩国进口零食品饮品,酸爽多汁新鲜可口,,192.8928571,月成交 4922笔,评价 54万,178,178,1,广东,/php/tmall/src/public/img/goodslist/goodlist2019214-254.jpg
355,果督旗舰店,万基洋参饮 245ml/瓶X12瓶礼盒装功能饮料西洋参口服液饮品送礼,酸爽多汁新鲜可口,,193.8928571,月成交 3567笔,评价 2.2万,179,179,1,广西,/php/tmall/src/public/img/goodslist/goodlist2019214-255.jpg
356,甘福园旗舰店,养乐多活菌型乳酸菌乳饮品（低糖）100ml*5冷藏酸奶 食品饮料,酸爽多汁新鲜可口,,194.8928571,月成交 2337笔,评价 1431,180,180,1,海南,/php/tmall/src/public/img/goodslist/goodlist2019214-256.jpg
357,甘福园旗舰店,金果源 不添加苹果醋饮料680ml*6玻璃瓶果汁发酵原醋饮品绿色食品,酸爽多汁新鲜可口,,195.8928571,月成交 2.9万笔,评价 3.4万,181,181,1,重庆,/php/tmall/src/public/img/goodslist/goodlist2019214-257.jpg
358,翠王旗舰店,【清仓】东鹏特饮九制陈皮特饮饮料250ML*24盒岭南特色食品润喉,酸爽多汁新鲜可口,,196.8928571,月成交 4836笔,评价 30,182,182,1,大连,/php/tmall/src/public/img/goodslist/goodlist2019214-258.jpg
359,甘福园旗舰店,北京同仁堂总统牌即食雪蛤饮品50g/瓶*4瓶缓解体力疲劳雪蛤正品,酸爽多汁新鲜可口,,197.8928571,月成交 2530笔,评价 6018,183,183,1,宁波,/php/tmall/src/public/img/goodslist/goodlist2019214-259.jpg
360,猴农水果旗舰店,盼盼食品就是檬饮料250ml*24盒整箱 蜂蜜柠檬风味果汁夏季饮料,酸爽多汁新鲜可口,,198.8928571,月成交 1.7万笔,评价 3.5万,184,184,1,厦门,/php/tmall/src/public/img/goodslist/goodlist2019214-260.jpg
361,急鲜丰旗舰店,祛斑鱼胶c粉 胶原蛋白祛斑C粉 新稀宝鱼胶原蛋白维C维E粉15袋肽粉,酸爽多汁新鲜可口,,199.8928571,月成交 6049笔,评价 8092,185,185,1,青岛,/php/tmall/src/public/img/goodslist/goodlist2019214-261.jpg
362,王小二旗舰店,同仁堂 总统牌即食雪蛤饮品 50g/瓶*4瓶缓解体力疲劳正品包邮,酸爽多汁新鲜可口,,200.8928571,月成交 1560笔,评价 941,186,186,1,深圳,/php/tmall/src/public/img/goodslist/goodlist2019214-262.jpg
363,甘福园旗舰店,台湾进口饮料果汁哈姆Hamu金桔柠檬汁490ml*6罐美味零食品批发,酸爽多汁新鲜可口,,201.8928571,月成交 8785笔,评价 1215,187,187,1,山西,/php/tmall/src/public/img/goodslist/goodlist2019214-263.jpg
364,翠王旗舰店,同仁堂总统牌即食雪蛤饮品50g/瓶*4瓶缓解体力疲劳,酸爽多汁新鲜可口,,202.8928571,月成交 1965笔,评价 1.7万,188,188,1,内蒙古,/php/tmall/src/public/img/goodslist/goodlist2019214-264.jpg
365,神农伯旗舰店,戈壁工坊粮油副食/食用油/菜籽油冷榨一级葵花籽油3.68L/瓶*2,酸爽多汁新鲜可口,,203.8928571,月成交 3511笔,评价 7.5万,189,189,1,吉林,/php/tmall/src/public/img/goodslist/goodlist2019214-265.jpg
366,尧坝旗舰店,戈壁工坊粮油副食/食用油/菜籽油冷榨一級葵花籽油1L/瓶,酸爽多汁新鲜可口,,204.8928571,月成交 1442笔,评价 1.3万,190,190,1,黑龙江,/php/tmall/src/public/img/goodslist/goodlist2019214-266.jpg
367,急鲜丰旗舰店,722海报印制展板写真喷绘贴纸657粮油副食品名片,酸爽多汁新鲜可口,,205.8928571,月成交 1806笔,评价 3.2万,191,191,1,安徽,/php/tmall/src/public/img/goodslist/goodlist2019214-267.jpg
368,佳虹食品旗舰店,746海报印制展板写真喷绘贴纸756粮油副食店门头招牌,酸爽多汁新鲜可口,,206.8928571,月成交 1.0万笔,评价 2363,192,192,1,江西,/php/tmall/src/public/img/goodslist/goodlist2019214-268.jpg
369,寻乡者旗舰店,739海报印制展板写真喷绘贴纸734粮油副食店招牌门头,酸爽多汁新鲜可口,,207.8928571,月成交 1069笔,评价 1.9万,193,193,1,河南,/php/tmall/src/public/img/goodslist/goodlist2019214-269.jpg
370,甘福园旗舰店,VS沙宣垂坠质感洗发水500ml＋护发素500ml送50ml*2旅行装易烊千玺,酸爽多汁新鲜可口,,208.8928571,月成交 1232笔,评价 12万,194,194,1,湖北,/php/tmall/src/public/img/goodslist/goodlist2019214-270.jpg
371,福瑞达旗舰店,海飞丝清爽去油洗发水500x3+补充装200ml长效去屑止痒控油洗发露,酸爽多汁新鲜可口,,212,月成交 13万笔,评价 3.6万,195,195,1,湖南,/php/tmall/src/public/img/goodslist/goodlist2019214-271.jpg
372,甘福园旗舰店,贝亲婴儿洗发沐浴二合一新生宝宝儿童洗护洗发水沐浴露泡泡浴正品,酸爽多汁新鲜可口,,23,月成交 3251笔,评价 13万,196,196,1,四川,/php/tmall/src/public/img/goodslist/goodlist2019214-272.jpg
373,王小二旗舰店,Schwarzkopf/施华蔻 多效修护19洗发露,酸爽多汁新鲜可口,,123,月成交 5509笔,评价 5630,197,197,1,贵州,/php/tmall/src/public/img/goodslist/goodlist2019214-273.jpg
374,高塬农旗舰店,苹果水果新鲜包邮当季红富士整箱10斤装一箱陕西野生冰糖心丑苹果,酸爽多汁新鲜可口,,12,月成交 8546笔,评价 1.8万,198,198,1,云南,/php/tmall/src/public/img/goodslist/goodlist2019214-274.jpg
375,龙泽堂食品专营店,枇杷果新鲜水果包邮现发3斤大五星中果云霄蒙自米易龙泉枇杷,酸爽多汁新鲜可口,,185.8928571,月成交 6354笔,评价 2.7万,199,199,0,西藏,/php/tmall/src/public/img/goodslist/goodlist2019214-275.jpg
376,天猫超市生鲜店,新鲜脆甜苹果水果10斤包邮当季红富士一整箱批发甘肃特产萍果静宁,酸爽多汁新鲜可口,,186.8928571,月成交 2.0万笔,评价 9.5万,200,200,0,陕西,/php/tmall/src/public/img/goodslist/goodlist2019214-276.jpg
377,福瑞达旗舰店,越南玉芒整箱芒果新鲜水果10斤非四川攀枝花凯特大芒果海南特大,酸爽多汁新鲜可口,,187.8928571,月成交 3.7万笔,评价 7101,201,201,0,甘肃,/php/tmall/src/public/img/goodslist/goodlist2019214-277.jpg
378,想砀好旗舰店,越南进口芒果10斤 新鲜当季水果香玉芒青皮芒大整箱应季批发包邮,酸爽多汁新鲜可口,,188.8928571,月成交 714笔,评价 1.2万,202,202,0,青海,/php/tmall/src/public/img/goodslist/goodlist2019214-278.jpg
379,鲜吉士旗舰店,香梨梨子水果包邮新鲜当季整箱10斤红香酥梨雪梨非新疆库尔勒5,酸爽多汁新鲜可口,,189.8928571,月成交 940笔,评价 8.9万,203,203,0,宁夏,/php/tmall/src/public/img/goodslist/goodlist2019214-279.jpg
380,甘福园旗舰店,四川不知火丑橘10斤 新鲜当季水果桔子橘子耙耙柑丑八怪丑柑包邮,酸爽多汁新鲜可口,,190.8928571,月成交 901笔,评价 1524,204,204,0,新疆,/php/tmall/src/public/img/goodslist/goodlist2019214-280.jpg
381,甘福园旗舰店,陕西洛川苹果水果新鲜红富士40枚80mm新鲜水果红富士苹果批发,酸爽多汁新鲜可口,,191.8928571,月成交 201笔,评价 2930,205,205,0,北京,/php/tmall/src/public/img/goodslist/goodlist2019214-281.jpg
382,梦强旗舰店,新鲜脆甜10斤烟台苹果栖霞红富士山东新鲜当季水果批发包邮一整箱,酸爽多汁新鲜可口,,192.8928571,月成交 51笔,评价 8468,206,206,0,天津,/php/tmall/src/public/img/goodslist/goodlist2019214-282.jpg
383,阳澄春秋水果旗舰店,四川攀枝花凯特芒果 新鲜当季水果大青芒应季整箱10斤批发包邮,酸爽多汁新鲜可口,,193.8928571,月成交 11笔,评价 1.4万,207,207,0,河北,/php/tmall/src/public/img/goodslist/goodlist2019214-283.jpg
384,王小二旗舰店,发5盒低聚果糖大人儿童元可搭酵素食品茶助排消化垢毒孕妇菌群肠,酸爽多汁新鲜可口,,194.8928571,月成交 16笔,评价 2.0万,208,208,0,辽宁,/php/tmall/src/public/img/goodslist/goodlist2019214-284.jpg
385,甘福园旗舰店,99元3盒】修正葛根可配护肝片解酒解酒药喝酒前千杯不醉解酒神器,酸爽多汁新鲜可口,,195.8928571,月成交 93笔,评价 478,209,209,1,上海,/php/tmall/src/public/img/goodslist/goodlist2019214-285.jpg
386,余小菜旗舰店,喜多多 椰果王大果粒 200g*15罐整箱 水果罐头 食品饮料 年货礼盒,酸爽多汁新鲜可口,,196.8928571,月成交 18笔,评价 5.6万,210,210,1,江苏,/php/tmall/src/public/img/goodslist/goodlist2019214-286.jpg
387,王小二旗舰店,升级版?应酬加班前花快速非日本澳洲片男保健品神器保肝护肝饮料,酸爽多汁新鲜可口,,197.8928571,月成交 8笔,评价 894,211,211,1,浙江,/php/tmall/src/public/img/goodslist/goodlist2019214-287.jpg
388,王小二旗舰店,麦金利葡萄籽维生素e软胶囊抗氧化正品男女性面部保健品C油营养素,酸爽多汁新鲜可口,,198.8928571,月成交 3笔,评价 725,212,212,1,福建,/php/tmall/src/public/img/goodslist/goodlist2019214-288.jpg
389,果督旗舰店,韩国进口饮料饮品 乐天芒果汁一整箱180mlx15罐 零食品,酸爽多汁新鲜可口,,199.8928571,月成交 3笔,评价 50万,213,213,1,山东,/php/tmall/src/public/img/goodslist/goodlist2019214-289.jpg
390,甘福园旗舰店,红牛维生素功能饮料 250ml/罐*24罐,酸爽多汁新鲜可口,,200.8928571,月成交 103笔,评价 4530,214,214,1,广东,/php/tmall/src/public/img/goodslist/goodlist2019214-290.jpg
391,甘福园旗舰店,50袋麦金利益生菌粉调理肠胃肠道成人孕妇儿童女性益生元低聚果糖,酸爽多汁新鲜可口,,201.8928571,月成交 19笔,评价 5135,215,215,1,广西,/php/tmall/src/public/img/goodslist/goodlist2019214-291.jpg
392,翠王旗舰店,【官方直供】黄石珍珠果米酒330g*12罐绿色食品听装易拉罐饮料,酸爽多汁新鲜可口,,202.8928571,月成交 47笔,评价 5207,216,216,1,海南,/php/tmall/src/public/img/goodslist/goodlist2019214-292.jpg
393,甘福园旗舰店,【正品 祛斑鱼胶c粉】体恒健鱼胶原蛋白维C维E粉祛黄褐斑非片胶原,酸爽多汁新鲜可口,,203.8928571,月成交 377笔,评价 6254,217,217,1,重庆,/php/tmall/src/public/img/goodslist/goodlist2019214-293.jpg
394,猴农水果旗舰店,买二发7 台湾益生菌粉奶昔代餐饱腹孝素果冻零食品咖啡青汁正品女,酸爽多汁新鲜可口,,204.8928571,月成交 18笔,评价 9553,218,218,1,大连,/php/tmall/src/public/img/goodslist/goodlist2019214-294.jpg
395,急鲜丰旗舰店,解防保护乙醇引起的肝损伤酒醉千杯力克保健液10瓶男女成人枳椇子,酸爽多汁新鲜可口,,205.8928571,月成交 49笔,评价 4.0万,219,219,1,宁波,/php/tmall/src/public/img/goodslist/goodlist2019214-295.jpg
396,王小二旗舰店,养乐多活菌型乳酸菌乳饮品100ml*5 饮料 酸奶 食品饮料,酸爽多汁新鲜可口,,206.8928571,月成交 79笔,评价 3890,220,220,1,厦门,/php/tmall/src/public/img/goodslist/goodlist2019214-296.jpg
397,甘福园旗舰店,Mckin/麦金利牌益生菌粉调节肠胃肠道1.5g/袋*20袋旗舰店正品,酸爽多汁新鲜可口,,207.8928571,月成交 1385笔,评价 6047,221,221,1,青岛,/php/tmall/src/public/img/goodslist/goodlist2019214-297.jpg
398,翠王旗舰店,神内果汁新疆胡萝卜汁饮料238ml*20瓶绿色食品果蔬汁轻断食代餐,酸爽多汁新鲜可口,,208.8928571,月成交 73笔,评价 3.0万,222,222,1,深圳,/php/tmall/src/public/img/goodslist/goodlist2019214-298.jpg
399,神农伯旗舰店,喜多多 椰果王大果粒水果罐头 饮料零食200g*12罐 福建老牌食品,酸爽多汁新鲜可口,,212,月成交 95笔,评价 3607,223,223,1,山西,/php/tmall/src/public/img/goodslist/goodlist2019214-299.jpg
400,尧坝旗舰店,韩国食品进口pororo啵乐乐儿童饮料235ml*8瓶宝露露四种口味饮品,酸爽多汁新鲜可口,,23,月成交 58笔,评价 1946,224,224,1,内蒙古,/php/tmall/src/public/img/goodslist/goodlist2019214-300.jpg
401,急鲜丰旗舰店,东鹏特饮 九制陈皮特饮饮料400ML*24瓶 广东岭南特色食品常喝多润,酸爽多汁新鲜可口,,123,月成交 42笔,评价 3.7万,225,225,1,吉林,/php/tmall/src/public/img/goodslist/goodlist2019214-301.jpg
402,佳虹食品旗舰店,阿尔发无糖食品过年送礼木糖醇山楂果茶饮料果汁批发整箱大瓶礼盒,酸爽多汁新鲜可口,,12,月成交 51笔,评价 1622,226,225,1,黑龙江,/php/tmall/src/public/img/goodslist/goodlist2019214-302.jpg
