indexnav_id,indexnav_big_title,indexnav_min_title1,indexnav_min_title2,indexnav_min_title3,indexnav_min_title4,indexnav_min_title5,indexnav_min_title6,indexnav_min_title7,indexnav_min_title8,indexnav_min_title9,indexnav_left_img,indexnav_right_img1,indexnav_right_img2
1,生鲜水果,车厘子/樱桃,橙,牛排,芒果,虾,鸡肉,柑/橘/桔,牛肉,梨,/php/tmall/src/public/img/index/indexfenlie-240-296-1.jpg,/php/tmall/src/public/img/index/indexfenlie-150-263-1.jpg,/php/tmall/src/public/img/index/indexfenlie-150-263-2.jpg
2,进口零食速食,饼干,糕点,坚果,巧克力,方便面,蜜饯果干,薯片膨化,糖果,海产品,/php/tmall/src/public/img/index/indexfenlie-240-296-2.jpg,/php/tmall/src/public/img/index/indexfenlie-150-263-3.jpg,/php/tmall/src/public/img/index/indexfenlie-150-263-4.jpg
3,进口酒饮粮油,其他食用油,大米,橄榄油,调味酱,洋酒/烈酒,水,茶叶,调味汁/油,冲饮茶/蜂蜜,/php/tmall/src/public/img/index/indexfenlie-240-296-3.jpg,/php/tmall/src/public/img/index/indexfenlie-150-263-5.jpg,/php/tmall/src/public/img/index/indexfenlie-150-263-6.jpg
4,奶制品,进口纯牛奶,进口含乳饮料,进口酸奶,常温奶,含乳饮料,酸奶,蒙牛,伊利,旺旺,/php/tmall/src/public/img/index/indexfenlie-240-296-4.jpg,/php/tmall/src/public/img/index/indexfenlie-150-263-7.jpg,/php/tmall/src/public/img/index/indexfenlie-150-263-8.jpg
5,休闲零食,好吃的坚果,猪肉类,牛肉类,芒果/蔬果干,蓝莓/橄榄,核桃/核桃仁,鸡鸭/禽肉类,瓜子,豆类制品,/php/tmall/src/public/img/index/indexfenlie-240-296-5.jpg,/php/tmall/src/public/img/index/indexfenlie-150-263-9.jpg,/php/tmall/src/public/img/index/indexfenlie-150-263-10.jpg
6,饼干糖巧,巧克力,糖果,饼干,西式糕点,传统糕点,薯片/膨化,果冻/布丁,口香糖,良品铺子,/php/tmall/src/public/img/index/indexfenlie-240-296-6.jpg,/php/tmall/src/public/img/index/indexfenlie-150-263-11.jpg,/php/tmall/src/public/img/index/indexfenlie-150-263-12.jpg
7,酒水饮料,白酒,保健酒,碳酸饮料,果蔬饮料,咖啡饮料,功能饮料,农夫山泉,百事可乐,维他,/php/tmall/src/public/img/index/indexfenlie-240-296-7.jpg,/php/tmall/src/public/img/index/indexfenlie-150-263-13.jpg,/php/tmall/src/public/img/index/indexfenlie-150-263-14.jpg
8,冲饮保健,蜂蜜,植物精华,枸杞,膳食营养剂,燕窝,阿胶,成人奶粉,普洱茶,芝麻糊/藕粉,/php/tmall/src/public/img/index/indexfenlie-240-296-8.jpg,/php/tmall/src/public/img/index/indexfenlie-150-263-15.jpg,/php/tmall/src/public/img/index/indexfenlie-150-263-16.jpg
9,米面杂粮,大米,腊肠/腊肉,干菜/紫菜,莲子,银耳,百合,海产品,豆类,桂圆干,/php/tmall/src/public/img/index/indexfenlie-240-296-9.jpg,/php/tmall/src/public/img/index/indexfenlie-150-263-17.jpg,/php/tmall/src/public/img/index/indexfenlie-150-263-18.jpg
10,油品调味,花生油,调和油,葵花籽油,大豆油,橄榄油,玉米油,调味料,调味酱,腌制品,/php/tmall/src/public/img/index/indexfenlie-240-296-10.jpg,/php/tmall/src/public/img/index/indexfenlie-150-263-19.jpg,/php/tmall/src/public/img/index/indexfenlie-150-263-20.jpg
11,个人清洁,车厘子/樱桃,橙,牛排,芒果,虾,鸡肉,柑/橘/桔,牛肉,梨,/php/tmall/src/public/img/index/indexfenlie-240-296-11.jpg,/php/tmall/src/public/img/index/indexfenlie-150-263-21.jpg,/php/tmall/src/public/img/index/indexfenlie-150-263-22.jpg
12,美容护肤,饼干,糕点,坚果,巧克力,方便面,蜜饯果干,薯片膨化,糖果,海产品,/php/tmall/src/public/img/index/indexfenlie-240-296-12.jpg,/php/tmall/src/public/img/index/indexfenlie-150-263-23.jpg,/php/tmall/src/public/img/index/indexfenlie-150-263-24.jpg
13,个人护理,其他食用油,大米,橄榄油,调味酱,洋酒/烈酒,水,茶叶,调味汁/油,冲饮茶/蜂蜜,/php/tmall/src/public/img/index/indexfenlie-240-296-13.jpg,/php/tmall/src/public/img/index/indexfenlie-150-263-25.jpg,/php/tmall/src/public/img/index/indexfenlie-150-263-26.jpg
14,纸制品,进口纯牛奶,进口含乳饮料,进口酸奶,常温奶,含乳饮料,酸奶,蒙牛,伊利,旺旺,/php/tmall/src/public/img/index/indexfenlie-240-296-14.jpg,/php/tmall/src/public/img/index/indexfenlie-150-263-27.jpg,/php/tmall/src/public/img/index/indexfenlie-150-263-28.jpg
15,家庭清洁,好吃的坚果,猪肉类,牛肉类,芒果/蔬果干,蓝莓/橄榄,核桃/核桃仁,鸡鸭/禽肉类,瓜子,豆类制品,/php/tmall/src/public/img/index/indexfenlie-240-296-15.jpg,/php/tmall/src/public/img/index/indexfenlie-150-263-29.jpg,/php/tmall/src/public/img/index/indexfenlie-150-263-30.jpg
16,厨房用品,巧克力,糖果,饼干,西式糕点,传统糕点,薯片/膨化,果冻/布丁,口香糖,良品铺子,/php/tmall/src/public/img/index/indexfenlie-240-296-16.jpg,/php/tmall/src/public/img/index/indexfenlie-150-263-31.jpg,/php/tmall/src/public/img/index/indexfenlie-150-263-32.jpg
17,家居用品,白酒,保健酒,碳酸饮料,果蔬饮料,咖啡饮料,功能饮料,农夫山泉,百事可乐,维他,/php/tmall/src/public/img/index/indexfenlie-240-296-17.jpg,/php/tmall/src/public/img/index/indexfenlie-150-263-33.jpg,/php/tmall/src/public/img/index/indexfenlie-150-263-34.jpg
18,家用纺织,蜂蜜,植物精华,枸杞,膳食营养剂,燕窝,阿胶,成人奶粉,普洱茶,芝麻糊/藕粉,/php/tmall/src/public/img/index/indexfenlie-240-296-18.jpg,/php/tmall/src/public/img/index/indexfenlie-150-263-35.jpg,/php/tmall/src/public/img/index/indexfenlie-150-263-36.jpg
19,生活电器,大米,腊肠/腊肉,干菜/紫菜,莲子,银耳,百合,海产品,豆类,桂圆干,/php/tmall/src/public/img/index/indexfenlie-240-296-19.jpg,/php/tmall/src/public/img/index/indexfenlie-150-263-37.jpg,/php/tmall/src/public/img/index/indexfenlie-150-263-38.jpg
20,办公用品,花生油,调和油,葵花籽油,大豆油,橄榄油,玉米油,调味料,调味酱,腌制品,/php/tmall/src/public/img/index/indexfenlie-240-296-20.jpg,/php/tmall/src/public/img/index/indexfenlie-150-263-39.jpg,/php/tmall/src/public/img/index/indexfenlie-150-263-40.jpg
21,母婴用品,车厘子/樱桃,橙,牛排,芒果,虾,鸡肉,柑/橘/桔,牛肉,梨,/php/tmall/src/public/img/index/indexfenlie-240-296-21.jpg,/php/tmall/src/public/img/index/indexfenlie-150-263-41.jpg,/php/tmall/src/public/img/index/indexfenlie-150-263-42.jpg
22,生鲜水果,饼干,糕点,坚果,巧克力,方便面,蜜饯果干,薯片膨化,糖果,海产品,/php/tmall/src/public/img/index/indexfenlie-240-296-22.jpg,/php/tmall/src/public/img/index/indexfenlie-150-263-43.jpg,/php/tmall/src/public/img/index/indexfenlie-150-263-44.jpg
23,进口零食速食,其他食用油,大米,橄榄油,调味酱,洋酒/烈酒,水,茶叶,调味汁/油,冲饮茶/蜂蜜,/php/tmall/src/public/img/index/indexfenlie-240-296-23.jpg,/php/tmall/src/public/img/index/indexfenlie-150-263-45.jpg,/php/tmall/src/public/img/index/indexfenlie-150-263-46.jpg
24,进口酒饮粮油,进口纯牛奶,进口含乳饮料,进口酸奶,常温奶,含乳饮料,酸奶,蒙牛,伊利,旺旺,/php/tmall/src/public/img/index/indexfenlie-240-296-24.jpg,/php/tmall/src/public/img/index/indexfenlie-150-263-47.jpg,/php/tmall/src/public/img/index/indexfenlie-150-263-48.jpg
25,奶制品,好吃的坚果,猪肉类,牛肉类,芒果/蔬果干,蓝莓/橄榄,核桃/核桃仁,鸡鸭/禽肉类,瓜子,豆类制品,/php/tmall/src/public/img/index/indexfenlie-240-296-25.jpg,/php/tmall/src/public/img/index/indexfenlie-150-263-49.jpg,/php/tmall/src/public/img/index/indexfenlie-150-263-50.jpg
26,休闲零食,巧克力,糖果,饼干,西式糕点,传统糕点,薯片/膨化,果冻/布丁,口香糖,良品铺子,/php/tmall/src/public/img/index/indexfenlie-240-296-26.jpg,/php/tmall/src/public/img/index/indexfenlie-150-263-51.jpg,/php/tmall/src/public/img/index/indexfenlie-150-263-52.jpg
27,饼干糖巧,白酒,保健酒,碳酸饮料,果蔬饮料,咖啡饮料,功能饮料,农夫山泉,百事可乐,维他,/php/tmall/src/public/img/index/indexfenlie-240-296-27.jpg,/php/tmall/src/public/img/index/indexfenlie-150-263-53.jpg,/php/tmall/src/public/img/index/indexfenlie-150-263-54.jpg
28,酒水饮料,蜂蜜,植物精华,枸杞,膳食营养剂,燕窝,阿胶,成人奶粉,普洱茶,芝麻糊/藕粉,/php/tmall/src/public/img/index/indexfenlie-240-296-28.jpg,/php/tmall/src/public/img/index/indexfenlie-150-263-55.jpg,/php/tmall/src/public/img/index/indexfenlie-150-263-56.jpg
29,冲饮保健,大米,腊肠/腊肉,干菜/紫菜,莲子,银耳,百合,海产品,豆类,桂圆干,/php/tmall/src/public/img/index/indexfenlie-240-296-29.jpg,/php/tmall/src/public/img/index/indexfenlie-150-263-57.jpg,/php/tmall/src/public/img/index/indexfenlie-150-263-58.jpg
30,米面杂粮,花生油,调和油,葵花籽油,大豆油,橄榄油,玉米油,调味料,调味酱,腌制品,/php/tmall/src/public/img/index/indexfenlie-240-296-30.jpg,/php/tmall/src/public/img/index/indexfenlie-150-263-59.jpg,/php/tmall/src/public/img/index/indexfenlie-150-263-60.jpg
31,油品调味,车厘子/樱桃,橙,牛排,芒果,虾,鸡肉,柑/橘/桔,牛肉,梨,/php/tmall/src/public/img/index/indexfenlie-240-296-31.jpg,/php/tmall/src/public/img/index/indexfenlie-150-263-61.jpg,/php/tmall/src/public/img/index/indexfenlie-150-263-62.jpg
32,个人清洁,饼干,糕点,坚果,巧克力,方便面,蜜饯果干,薯片膨化,糖果,海产品,/php/tmall/src/public/img/index/indexfenlie-240-296-32.jpg,/php/tmall/src/public/img/index/indexfenlie-150-263-63.jpg,/php/tmall/src/public/img/index/indexfenlie-150-263-64.jpg
33,美容护肤,其他食用油,大米,橄榄油,调味酱,洋酒/烈酒,水,茶叶,调味汁/油,冲饮茶/蜂蜜,/php/tmall/src/public/img/index/indexfenlie-240-296-33.jpg,/php/tmall/src/public/img/index/indexfenlie-150-263-65.jpg,/php/tmall/src/public/img/index/indexfenlie-150-263-66.jpg
34,个人护理,进口纯牛奶,进口含乳饮料,进口酸奶,常温奶,含乳饮料,酸奶,蒙牛,伊利,旺旺,/php/tmall/src/public/img/index/indexfenlie-240-296-34.jpg,/php/tmall/src/public/img/index/indexfenlie-150-263-67.jpg,/php/tmall/src/public/img/index/indexfenlie-150-263-68.jpg
35,纸制品,好吃的坚果,猪肉类,牛肉类,芒果/蔬果干,蓝莓/橄榄,核桃/核桃仁,鸡鸭/禽肉类,瓜子,豆类制品,/php/tmall/src/public/img/index/indexfenlie-240-296-35.jpg,/php/tmall/src/public/img/index/indexfenlie-150-263-69.jpg,/php/tmall/src/public/img/index/indexfenlie-150-263-70.jpg
36,家庭清洁,巧克力,糖果,饼干,西式糕点,传统糕点,薯片/膨化,果冻/布丁,口香糖,良品铺子,/php/tmall/src/public/img/index/indexfenlie-240-296-36.jpg,/php/tmall/src/public/img/index/indexfenlie-150-263-71.jpg,/php/tmall/src/public/img/index/indexfenlie-150-263-72.jpg
37,厨房用品,白酒,保健酒,碳酸饮料,果蔬饮料,咖啡饮料,功能饮料,农夫山泉,百事可乐,维他,/php/tmall/src/public/img/index/indexfenlie-240-296-37.jpg,/php/tmall/src/public/img/index/indexfenlie-150-263-73.jpg,/php/tmall/src/public/img/index/indexfenlie-150-263-74.jpg
38,家居用品,蜂蜜,植物精华,枸杞,膳食营养剂,燕窝,阿胶,成人奶粉,普洱茶,芝麻糊/藕粉,/php/tmall/src/public/img/index/indexfenlie-240-296-38.jpg,/php/tmall/src/public/img/index/indexfenlie-150-263-75.jpg,/php/tmall/src/public/img/index/indexfenlie-150-263-76.jpg
39,家用纺织,大米,腊肠/腊肉,干菜/紫菜,莲子,银耳,百合,海产品,豆类,桂圆干,/php/tmall/src/public/img/index/indexfenlie-240-296-39.jpg,/php/tmall/src/public/img/index/indexfenlie-150-263-77.jpg,/php/tmall/src/public/img/index/indexfenlie-150-263-78.jpg
40,生活电器,花生油,调和油,葵花籽油,大豆油,橄榄油,玉米油,调味料,调味酱,腌制品,/php/tmall/src/public/img/index/indexfenlie-240-296-40.jpg,/php/tmall/src/public/img/index/indexfenlie-150-263-79.jpg,/php/tmall/src/public/img/index/indexfenlie-150-263-80.jpg
41,办公用品,车厘子/樱桃,橙,牛排,芒果,虾,鸡肉,柑/橘/桔,牛肉,梨,/php/tmall/src/public/img/index/indexfenlie-240-296-41.jpg,/php/tmall/src/public/img/index/indexfenlie-150-263-81.jpg,/php/tmall/src/public/img/index/indexfenlie-150-263-82.jpg
42,母婴用品,饼干,糕点,坚果,巧克力,方便面,蜜饯果干,薯片膨化,糖果,海产品,/php/tmall/src/public/img/index/indexfenlie-240-296-42.jpg,/php/tmall/src/public/img/index/indexfenlie-150-263-83.jpg,/php/tmall/src/public/img/index/indexfenlie-150-263-84.jpg
43,生鲜水果,其他食用油,大米,橄榄油,调味酱,洋酒/烈酒,水,茶叶,调味汁/油,冲饮茶/蜂蜜,/php/tmall/src/public/img/index/indexfenlie-240-296-43.jpg,/php/tmall/src/public/img/index/indexfenlie-150-263-85.jpg,/php/tmall/src/public/img/index/indexfenlie-150-263-86.jpg
44,进口零食速食,进口纯牛奶,进口含乳饮料,进口酸奶,常温奶,含乳饮料,酸奶,蒙牛,伊利,旺旺,/php/tmall/src/public/img/index/indexfenlie-240-296-44.jpg,/php/tmall/src/public/img/index/indexfenlie-150-263-87.jpg,/php/tmall/src/public/img/index/indexfenlie-150-263-88.jpg
45,进口酒饮粮油,好吃的坚果,猪肉类,牛肉类,芒果/蔬果干,蓝莓/橄榄,核桃/核桃仁,鸡鸭/禽肉类,瓜子,豆类制品,/php/tmall/src/public/img/index/indexfenlie-240-296-45.jpg,/php/tmall/src/public/img/index/indexfenlie-150-263-89.jpg,/php/tmall/src/public/img/index/indexfenlie-150-263-90.jpg
46,奶制品,巧克力,糖果,饼干,西式糕点,传统糕点,薯片/膨化,果冻/布丁,口香糖,良品铺子,/php/tmall/src/public/img/index/indexfenlie-240-296-46.jpg,/php/tmall/src/public/img/index/indexfenlie-150-263-91.jpg,/php/tmall/src/public/img/index/indexfenlie-150-263-92.jpg
47,休闲零食,白酒,保健酒,碳酸饮料,果蔬饮料,咖啡饮料,功能饮料,农夫山泉,百事可乐,维他,/php/tmall/src/public/img/index/indexfenlie-240-296-47.jpg,/php/tmall/src/public/img/index/indexfenlie-150-263-93.jpg,/php/tmall/src/public/img/index/indexfenlie-150-263-94.jpg
48,饼干糖巧,蜂蜜,植物精华,枸杞,膳食营养剂,燕窝,阿胶,成人奶粉,普洱茶,芝麻糊/藕粉,/php/tmall/src/public/img/index/indexfenlie-240-296-48.jpg,/php/tmall/src/public/img/index/indexfenlie-150-263-95.jpg,/php/tmall/src/public/img/index/indexfenlie-150-263-96.jpg
49,酒水饮料,大米,腊肠/腊肉,干菜/紫菜,莲子,银耳,百合,海产品,豆类,桂圆干,/php/tmall/src/public/img/index/indexfenlie-240-296-49.jpg,/php/tmall/src/public/img/index/indexfenlie-150-263-97.jpg,/php/tmall/src/public/img/index/indexfenlie-150-263-98.jpg
50,冲饮保健,花生油,调和油,葵花籽油,大豆油,橄榄油,玉米油,调味料,调味酱,腌制品,/php/tmall/src/public/img/index/indexfenlie-240-296-50.jpg,/php/tmall/src/public/img/index/indexfenlie-150-263-99.jpg,/php/tmall/src/public/img/index/indexfenlie-150-263-100.jpg
51,米面杂粮,车厘子/樱桃,橙,牛排,芒果,虾,鸡肉,柑/橘/桔,牛肉,梨,/php/tmall/src/public/img/index/indexfenlie-240-296-51.jpg,/php/tmall/src/public/img/index/indexfenlie-150-263-101.jpg,/php/tmall/src/public/img/index/indexfenlie-150-263-102.jpg
52,油品调味,饼干,糕点,坚果,巧克力,方便面,蜜饯果干,薯片膨化,糖果,海产品,/php/tmall/src/public/img/index/indexfenlie-240-296-52.jpg,/php/tmall/src/public/img/index/indexfenlie-150-263-103.jpg,/php/tmall/src/public/img/index/indexfenlie-150-263-104.jpg
53,个人清洁,其他食用油,大米,橄榄油,调味酱,洋酒/烈酒,水,茶叶,调味汁/油,冲饮茶/蜂蜜,/php/tmall/src/public/img/index/indexfenlie-240-296-53.jpg,/php/tmall/src/public/img/index/indexfenlie-150-263-105.jpg,/php/tmall/src/public/img/index/indexfenlie-150-263-106.jpg
54,美容护肤,进口纯牛奶,进口含乳饮料,进口酸奶,常温奶,含乳饮料,酸奶,蒙牛,伊利,旺旺,/php/tmall/src/public/img/index/indexfenlie-240-296-54.jpg,/php/tmall/src/public/img/index/indexfenlie-150-263-107.jpg,/php/tmall/src/public/img/index/indexfenlie-150-263-108.jpg
55,个人护理,好吃的坚果,猪肉类,牛肉类,芒果/蔬果干,蓝莓/橄榄,核桃/核桃仁,鸡鸭/禽肉类,瓜子,豆类制品,/php/tmall/src/public/img/index/indexfenlie-240-296-55.jpg,/php/tmall/src/public/img/index/indexfenlie-150-263-109.jpg,/php/tmall/src/public/img/index/indexfenlie-150-263-110.jpg
56,纸制品,巧克力,糖果,饼干,西式糕点,传统糕点,薯片/膨化,果冻/布丁,口香糖,良品铺子,/php/tmall/src/public/img/index/indexfenlie-240-296-56.jpg,/php/tmall/src/public/img/index/indexfenlie-150-263-111.jpg,/php/tmall/src/public/img/index/indexfenlie-150-263-112.jpg
57,家庭清洁,白酒,保健酒,碳酸饮料,果蔬饮料,咖啡饮料,功能饮料,农夫山泉,百事可乐,维他,/php/tmall/src/public/img/index/indexfenlie-240-296-57.jpg,/php/tmall/src/public/img/index/indexfenlie-150-263-113.jpg,/php/tmall/src/public/img/index/indexfenlie-150-263-114.jpg
58,厨房用品,蜂蜜,植物精华,枸杞,膳食营养剂,燕窝,阿胶,成人奶粉,普洱茶,芝麻糊/藕粉,/php/tmall/src/public/img/index/indexfenlie-240-296-58.jpg,/php/tmall/src/public/img/index/indexfenlie-150-263-115.jpg,/php/tmall/src/public/img/index/indexfenlie-150-263-116.jpg
59,家居用品,大米,腊肠/腊肉,干菜/紫菜,莲子,银耳,百合,海产品,豆类,桂圆干,/php/tmall/src/public/img/index/indexfenlie-240-296-59.jpg,/php/tmall/src/public/img/index/indexfenlie-150-263-117.jpg,/php/tmall/src/public/img/index/indexfenlie-150-263-118.jpg
60,家用纺织,花生油,调和油,葵花籽油,大豆油,橄榄油,玉米油,调味料,调味酱,腌制品,/php/tmall/src/public/img/index/indexfenlie-240-296-60.jpg,/php/tmall/src/public/img/index/indexfenlie-150-263-119.jpg,/php/tmall/src/public/img/index/indexfenlie-150-263-120.jpg
61,生活电器,车厘子/樱桃,橙,牛排,芒果,虾,鸡肉,柑/橘/桔,牛肉,梨,/php/tmall/src/public/img/index/indexfenlie-240-296-61.jpg,/php/tmall/src/public/img/index/indexfenlie-150-263-121.jpg,/php/tmall/src/public/img/index/indexfenlie-150-263-122.jpg
62,办公用品,饼干,糕点,坚果,巧克力,方便面,蜜饯果干,薯片膨化,糖果,海产品,/php/tmall/src/public/img/index/indexfenlie-240-296-62.jpg,/php/tmall/src/public/img/index/indexfenlie-150-263-123.jpg,/php/tmall/src/public/img/index/indexfenlie-150-263-124.jpg
63,母婴用品,其他食用油,大米,橄榄油,调味酱,洋酒/烈酒,水,茶叶,调味汁/油,冲饮茶/蜂蜜,/php/tmall/src/public/img/index/indexfenlie-240-296-63.jpg,/php/tmall/src/public/img/index/indexfenlie-150-263-125.jpg,/php/tmall/src/public/img/index/indexfenlie-150-263-126.jpg
64,生鲜水果,进口纯牛奶,进口含乳饮料,进口酸奶,常温奶,含乳饮料,酸奶,蒙牛,伊利,旺旺,/php/tmall/src/public/img/index/indexfenlie-240-296-64.jpg,/php/tmall/src/public/img/index/indexfenlie-150-263-127.jpg,/php/tmall/src/public/img/index/indexfenlie-150-263-128.jpg
65,进口零食速食,好吃的坚果,猪肉类,牛肉类,芒果/蔬果干,蓝莓/橄榄,核桃/核桃仁,鸡鸭/禽肉类,瓜子,豆类制品,/php/tmall/src/public/img/index/indexfenlie-240-296-65.jpg,/php/tmall/src/public/img/index/indexfenlie-150-263-129.jpg,/php/tmall/src/public/img/index/indexfenlie-150-263-130.jpg
66,进口酒饮粮油,巧克力,糖果,饼干,西式糕点,传统糕点,薯片/膨化,果冻/布丁,口香糖,良品铺子,/php/tmall/src/public/img/index/indexfenlie-240-296-66.jpg,/php/tmall/src/public/img/index/indexfenlie-150-263-131.jpg,/php/tmall/src/public/img/index/indexfenlie-150-263-132.jpg
67,奶制品,白酒,保健酒,碳酸饮料,果蔬饮料,咖啡饮料,功能饮料,农夫山泉,百事可乐,维他,/php/tmall/src/public/img/index/indexfenlie-240-296-67.jpg,/php/tmall/src/public/img/index/indexfenlie-150-263-133.jpg,/php/tmall/src/public/img/index/indexfenlie-150-263-134.jpg
68,休闲零食,蜂蜜,植物精华,枸杞,膳食营养剂,燕窝,阿胶,成人奶粉,普洱茶,芝麻糊/藕粉,/php/tmall/src/public/img/index/indexfenlie-240-296-68.jpg,/php/tmall/src/public/img/index/indexfenlie-150-263-135.jpg,/php/tmall/src/public/img/index/indexfenlie-150-263-136.jpg
69,饼干糖巧,大米,腊肠/腊肉,干菜/紫菜,莲子,银耳,百合,海产品,豆类,桂圆干,/php/tmall/src/public/img/index/indexfenlie-240-296-69.jpg,/php/tmall/src/public/img/index/indexfenlie-150-263-137.jpg,/php/tmall/src/public/img/index/indexfenlie-150-263-138.jpg
70,酒水饮料,花生油,调和油,葵花籽油,大豆油,橄榄油,玉米油,调味料,调味酱,腌制品,/php/tmall/src/public/img/index/indexfenlie-240-296-70.jpg,/php/tmall/src/public/img/index/indexfenlie-150-263-139.jpg,/php/tmall/src/public/img/index/indexfenlie-150-263-140.jpg
71,冲饮保健,车厘子/樱桃,橙,牛排,芒果,虾,鸡肉,柑/橘/桔,牛肉,梨,/php/tmall/src/public/img/index/indexfenlie-240-296-71.jpg,/php/tmall/src/public/img/index/indexfenlie-150-263-141.jpg,/php/tmall/src/public/img/index/indexfenlie-150-263-142.jpg
72,米面杂粮,饼干,糕点,坚果,巧克力,方便面,蜜饯果干,薯片膨化,糖果,海产品,/php/tmall/src/public/img/index/indexfenlie-240-296-72.jpg,/php/tmall/src/public/img/index/indexfenlie-150-263-143.jpg,/php/tmall/src/public/img/index/indexfenlie-150-263-144.jpg
73,油品调味,其他食用油,大米,橄榄油,调味酱,洋酒/烈酒,水,茶叶,调味汁/油,冲饮茶/蜂蜜,/php/tmall/src/public/img/index/indexfenlie-240-296-73.jpg,/php/tmall/src/public/img/index/indexfenlie-150-263-145.jpg,/php/tmall/src/public/img/index/indexfenlie-150-263-146.jpg
74,个人清洁,进口纯牛奶,进口含乳饮料,进口酸奶,常温奶,含乳饮料,酸奶,蒙牛,伊利,旺旺,/php/tmall/src/public/img/index/indexfenlie-240-296-74.jpg,/php/tmall/src/public/img/index/indexfenlie-150-263-147.jpg,/php/tmall/src/public/img/index/indexfenlie-150-263-148.jpg
75,美容护肤,好吃的坚果,猪肉类,牛肉类,芒果/蔬果干,蓝莓/橄榄,核桃/核桃仁,鸡鸭/禽肉类,瓜子,豆类制品,/php/tmall/src/public/img/index/indexfenlie-240-296-75.jpg,/php/tmall/src/public/img/index/indexfenlie-150-263-149.jpg,/php/tmall/src/public/img/index/indexfenlie-150-263-150.jpg
76,个人护理,巧克力,糖果,饼干,西式糕点,传统糕点,薯片/膨化,果冻/布丁,口香糖,良品铺子,/php/tmall/src/public/img/index/indexfenlie-240-296-76.jpg,/php/tmall/src/public/img/index/indexfenlie-150-263-151.jpg,/php/tmall/src/public/img/index/indexfenlie-150-263-152.jpg
77,纸制品,白酒,保健酒,碳酸饮料,果蔬饮料,咖啡饮料,功能饮料,农夫山泉,百事可乐,维他,/php/tmall/src/public/img/index/indexfenlie-240-296-77.jpg,/php/tmall/src/public/img/index/indexfenlie-150-263-153.jpg,/php/tmall/src/public/img/index/indexfenlie-150-263-154.jpg
78,家庭清洁,蜂蜜,植物精华,枸杞,膳食营养剂,燕窝,阿胶,成人奶粉,普洱茶,芝麻糊/藕粉,/php/tmall/src/public/img/index/indexfenlie-240-296-78.jpg,/php/tmall/src/public/img/index/indexfenlie-150-263-155.jpg,/php/tmall/src/public/img/index/indexfenlie-150-263-156.jpg
79,厨房用品,大米,腊肠/腊肉,干菜/紫菜,莲子,银耳,百合,海产品,豆类,桂圆干,/php/tmall/src/public/img/index/indexfenlie-240-296-79.jpg,/php/tmall/src/public/img/index/indexfenlie-150-263-157.jpg,/php/tmall/src/public/img/index/indexfenlie-150-263-158.jpg
80,家居用品,花生油,调和油,葵花籽油,大豆油,橄榄油,玉米油,调味料,调味酱,腌制品,/php/tmall/src/public/img/index/indexfenlie-240-296-80.jpg,/php/tmall/src/public/img/index/indexfenlie-150-263-159.jpg,/php/tmall/src/public/img/index/indexfenlie-150-263-160.jpg
81,家用纺织,车厘子/樱桃,橙,牛排,芒果,虾,鸡肉,柑/橘/桔,牛肉,梨,/php/tmall/src/public/img/index/indexfenlie-240-296-81.jpg,/php/tmall/src/public/img/index/indexfenlie-150-263-161.jpg,/php/tmall/src/public/img/index/indexfenlie-150-263-162.jpg
82,生活电器,饼干,糕点,坚果,巧克力,方便面,蜜饯果干,薯片膨化,糖果,海产品,/php/tmall/src/public/img/index/indexfenlie-240-296-82.jpg,/php/tmall/src/public/img/index/indexfenlie-150-263-163.jpg,/php/tmall/src/public/img/index/indexfenlie-150-263-164.jpg
83,办公用品,其他食用油,大米,橄榄油,调味酱,洋酒/烈酒,水,茶叶,调味汁/油,冲饮茶/蜂蜜,/php/tmall/src/public/img/index/indexfenlie-240-296-83.jpg,/php/tmall/src/public/img/index/indexfenlie-150-263-165.jpg,/php/tmall/src/public/img/index/indexfenlie-150-263-166.jpg
84,母婴用品,进口纯牛奶,进口含乳饮料,进口酸奶,常温奶,含乳饮料,酸奶,蒙牛,伊利,旺旺,/php/tmall/src/public/img/index/indexfenlie-240-296-84.jpg,/php/tmall/src/public/img/index/indexfenlie-150-263-167.jpg,/php/tmall/src/public/img/index/indexfenlie-150-263-168.jpg
85,生鲜水果,好吃的坚果,猪肉类,牛肉类,芒果/蔬果干,蓝莓/橄榄,核桃/核桃仁,鸡鸭/禽肉类,瓜子,豆类制品,/php/tmall/src/public/img/index/indexfenlie-240-296-85.jpg,/php/tmall/src/public/img/index/indexfenlie-150-263-169.jpg,/php/tmall/src/public/img/index/indexfenlie-150-263-170.jpg
86,进口零食速食,巧克力,糖果,饼干,西式糕点,传统糕点,薯片/膨化,果冻/布丁,口香糖,良品铺子,/php/tmall/src/public/img/index/indexfenlie-240-296-86.jpg,/php/tmall/src/public/img/index/indexfenlie-150-263-171.jpg,/php/tmall/src/public/img/index/indexfenlie-150-263-172.jpg
87,进口酒饮粮油,白酒,保健酒,碳酸饮料,果蔬饮料,咖啡饮料,功能饮料,农夫山泉,百事可乐,维他,/php/tmall/src/public/img/index/indexfenlie-240-296-87.jpg,/php/tmall/src/public/img/index/indexfenlie-150-263-173.jpg,/php/tmall/src/public/img/index/indexfenlie-150-263-174.jpg
88,奶制品,蜂蜜,植物精华,枸杞,膳食营养剂,燕窝,阿胶,成人奶粉,普洱茶,芝麻糊/藕粉,/php/tmall/src/public/img/index/indexfenlie-240-296-88.jpg,/php/tmall/src/public/img/index/indexfenlie-150-263-175.jpg,/php/tmall/src/public/img/index/indexfenlie-150-263-176.jpg
89,休闲零食,大米,腊肠/腊肉,干菜/紫菜,莲子,银耳,百合,海产品,豆类,桂圆干,/php/tmall/src/public/img/index/indexfenlie-240-296-89.jpg,/php/tmall/src/public/img/index/indexfenlie-150-263-177.jpg,/php/tmall/src/public/img/index/indexfenlie-150-263-178.jpg
90,饼干糖巧,花生油,调和油,葵花籽油,大豆油,橄榄油,玉米油,调味料,调味酱,腌制品,/php/tmall/src/public/img/index/indexfenlie-240-296-90.jpg,/php/tmall/src/public/img/index/indexfenlie-150-263-179.jpg,/php/tmall/src/public/img/index/indexfenlie-150-263-180.jpg
91,酒水饮料,车厘子/樱桃,橙,牛排,芒果,虾,鸡肉,柑/橘/桔,牛肉,梨,/php/tmall/src/public/img/index/indexfenlie-240-296-91.jpg,/php/tmall/src/public/img/index/indexfenlie-150-263-181.jpg,/php/tmall/src/public/img/index/indexfenlie-150-263-182.jpg
92,冲饮保健,饼干,糕点,坚果,巧克力,方便面,蜜饯果干,薯片膨化,糖果,海产品,/php/tmall/src/public/img/index/indexfenlie-240-296-92.jpg,/php/tmall/src/public/img/index/indexfenlie-150-263-183.jpg,/php/tmall/src/public/img/index/indexfenlie-150-263-184.jpg
93,米面杂粮,其他食用油,大米,橄榄油,调味酱,洋酒/烈酒,水,茶叶,调味汁/油,冲饮茶/蜂蜜,/php/tmall/src/public/img/index/indexfenlie-240-296-93.jpg,/php/tmall/src/public/img/index/indexfenlie-150-263-185.jpg,/php/tmall/src/public/img/index/indexfenlie-150-263-186.jpg
94,油品调味,进口纯牛奶,进口含乳饮料,进口酸奶,常温奶,含乳饮料,酸奶,蒙牛,伊利,旺旺,/php/tmall/src/public/img/index/indexfenlie-240-296-94.jpg,/php/tmall/src/public/img/index/indexfenlie-150-263-187.jpg,/php/tmall/src/public/img/index/indexfenlie-150-263-188.jpg
95,个人清洁,好吃的坚果,猪肉类,牛肉类,芒果/蔬果干,蓝莓/橄榄,核桃/核桃仁,鸡鸭/禽肉类,瓜子,豆类制品,/php/tmall/src/public/img/index/indexfenlie-240-296-95.jpg,/php/tmall/src/public/img/index/indexfenlie-150-263-189.jpg,/php/tmall/src/public/img/index/indexfenlie-150-263-190.jpg
96,美容护肤,巧克力,糖果,饼干,西式糕点,传统糕点,薯片/膨化,果冻/布丁,口香糖,良品铺子,/php/tmall/src/public/img/index/indexfenlie-240-296-96.jpg,/php/tmall/src/public/img/index/indexfenlie-150-263-191.jpg,/php/tmall/src/public/img/index/indexfenlie-150-263-192.jpg
97,个人护理,白酒,保健酒,碳酸饮料,果蔬饮料,咖啡饮料,功能饮料,农夫山泉,百事可乐,维他,/php/tmall/src/public/img/index/indexfenlie-240-296-97.jpg,/php/tmall/src/public/img/index/indexfenlie-150-263-193.jpg,/php/tmall/src/public/img/index/indexfenlie-150-263-194.jpg
98,纸制品,蜂蜜,植物精华,枸杞,膳食营养剂,燕窝,阿胶,成人奶粉,普洱茶,芝麻糊/藕粉,/php/tmall/src/public/img/index/indexfenlie-240-296-98.jpg,/php/tmall/src/public/img/index/indexfenlie-150-263-195.jpg,/php/tmall/src/public/img/index/indexfenlie-150-263-196.jpg
99,家庭清洁,大米,腊肠/腊肉,干菜/紫菜,莲子,银耳,百合,海产品,豆类,桂圆干,/php/tmall/src/public/img/index/indexfenlie-240-296-99.jpg,/php/tmall/src/public/img/index/indexfenlie-150-263-197.jpg,/php/tmall/src/public/img/index/indexfenlie-150-263-198.jpg
